<?xml version="1.0"?>
<link-commonLexicon xmlns:xsi="http://www.w3.org/2001/XMLSchema-instance" xmlns="urn:schemas-npl:lexicon:5">
  <link-commonHeader>
    <lexicon-name>pharmaceutical-form-lx</lexicon-name>
    <link-lexicon-name>intended-site-of-administration-lx</link-lexicon-name>
  </link-commonHeader>
  <linkTerm>
    <mpaId>100000</mpaId>
    <link-mpaId>0</link-mpaId>
  </linkTerm>
  <linkTerm>
    <mpaId>100003</mpaId>
    <link-mpaId>7</link-mpaId>
  </linkTerm>
  <linkTerm>
    <mpaId>100010</mpaId>
    <link-mpaId>CUT</link-mpaId>
  </linkTerm>
  <linkTerm>
    <mpaId>100011</mpaId>
    <link-mpaId>0</link-mpaId>
  </linkTerm>
  <linkTerm>
    <mpaId>100011</mpaId>
    <link-mpaId>VAG</link-mpaId>
  </linkTerm>
  <linkTerm>
    <mpaId>100012</mpaId>
    <link-mpaId>0</link-mpaId>
  </linkTerm>
  <linkTerm>
    <mpaId>100013</mpaId>
    <link-mpaId>0</link-mpaId>
  </linkTerm>
  <linkTerm>
    <mpaId>100014</mpaId>
    <link-mpaId>0</link-mpaId>
  </linkTerm>
  <linkTerm>
    <mpaId>100020</mpaId>
    <link-mpaId>PAR</link-mpaId>
  </linkTerm>
  <linkTerm>
    <mpaId>100021</mpaId>
    <link-mpaId>PAR</link-mpaId>
  </linkTerm>
  <linkTerm>
    <mpaId>100026</mpaId>
    <link-mpaId>PAR</link-mpaId>
  </linkTerm>
  <linkTerm>
    <mpaId>100027</mpaId>
    <link-mpaId>PAR</link-mpaId>
  </linkTerm>
  <linkTerm>
    <mpaId>100030</mpaId>
    <link-mpaId>0</link-mpaId>
  </linkTerm>
  <linkTerm>
    <mpaId>100031</mpaId>
    <link-mpaId>0</link-mpaId>
  </linkTerm>
  <linkTerm>
    <mpaId>100032</mpaId>
    <link-mpaId>0</link-mpaId>
  </linkTerm>
  <linkTerm>
    <mpaId>100033</mpaId>
    <link-mpaId>ENV</link-mpaId>
  </linkTerm>
  <linkTerm>
    <mpaId>100034</mpaId>
    <link-mpaId>PAR</link-mpaId>
  </linkTerm>
  <linkTerm>
    <mpaId>100035</mpaId>
    <link-mpaId>CUT</link-mpaId>
  </linkTerm>
  <linkTerm>
    <mpaId>100035</mpaId>
    <link-mpaId>VAG</link-mpaId>
  </linkTerm>
  <linkTerm>
    <mpaId>100036</mpaId>
    <link-mpaId>CUT</link-mpaId>
  </linkTerm>
  <linkTerm>
    <mpaId>100036</mpaId>
    <link-mpaId>VAG</link-mpaId>
  </linkTerm>
  <linkTerm>
    <mpaId>100037</mpaId>
    <link-mpaId>CUT</link-mpaId>
  </linkTerm>
  <linkTerm>
    <mpaId>100037</mpaId>
    <link-mpaId>VAG</link-mpaId>
  </linkTerm>
  <linkTerm>
    <mpaId>100038</mpaId>
    <link-mpaId>CUT</link-mpaId>
  </linkTerm>
  <linkTerm>
    <mpaId>100038</mpaId>
    <link-mpaId>VAG</link-mpaId>
  </linkTerm>
  <linkTerm>
    <mpaId>100039</mpaId>
    <link-mpaId>0</link-mpaId>
  </linkTerm>
  <linkTerm>
    <mpaId>100040</mpaId>
    <link-mpaId>PAR</link-mpaId>
  </linkTerm>
  <linkTerm>
    <mpaId>100041</mpaId>
    <link-mpaId>0</link-mpaId>
  </linkTerm>
  <linkTerm>
    <mpaId>100042</mpaId>
    <link-mpaId>0</link-mpaId>
  </linkTerm>
  <linkTerm>
    <mpaId>100042</mpaId>
    <link-mpaId>OMG</link-mpaId>
  </linkTerm>
  <linkTerm>
    <mpaId>100043</mpaId>
    <link-mpaId>PAR</link-mpaId>
  </linkTerm>
  <linkTerm>
    <mpaId>100044</mpaId>
    <link-mpaId>PAR</link-mpaId>
  </linkTerm>
  <linkTerm>
    <mpaId>100045</mpaId>
    <link-mpaId>PAR</link-mpaId>
  </linkTerm>
  <linkTerm>
    <mpaId>100046</mpaId>
    <link-mpaId>0</link-mpaId>
  </linkTerm>
  <linkTerm>
    <mpaId>100047</mpaId>
    <link-mpaId>CUT</link-mpaId>
  </linkTerm>
  <linkTerm>
    <mpaId>100048</mpaId>
    <link-mpaId>PAR</link-mpaId>
  </linkTerm>
  <linkTerm>
    <mpaId>100049</mpaId>
    <link-mpaId>PAR</link-mpaId>
  </linkTerm>
  <linkTerm>
    <mpaId>100050</mpaId>
    <link-mpaId>PAR</link-mpaId>
  </linkTerm>
  <linkTerm>
    <mpaId>100051</mpaId>
    <link-mpaId>CUT</link-mpaId>
  </linkTerm>
  <linkTerm>
    <mpaId>100051</mpaId>
    <link-mpaId>VAG</link-mpaId>
  </linkTerm>
  <linkTerm>
    <mpaId>100052</mpaId>
    <link-mpaId>CUT</link-mpaId>
  </linkTerm>
  <linkTerm>
    <mpaId>100053</mpaId>
    <link-mpaId>CUT</link-mpaId>
  </linkTerm>
  <linkTerm>
    <mpaId>100054</mpaId>
    <link-mpaId>NAS</link-mpaId>
  </linkTerm>
  <linkTerm>
    <mpaId>100055</mpaId>
    <link-mpaId>PAR</link-mpaId>
  </linkTerm>
  <linkTerm>
    <mpaId>100056</mpaId>
    <link-mpaId>PAR</link-mpaId>
  </linkTerm>
  <linkTerm>
    <mpaId>100057</mpaId>
    <link-mpaId>PAR</link-mpaId>
  </linkTerm>
  <linkTerm>
    <mpaId>100058</mpaId>
    <link-mpaId>2</link-mpaId>
  </linkTerm>
  <linkTerm>
    <mpaId>100059</mpaId>
    <link-mpaId>2</link-mpaId>
  </linkTerm>
  <linkTerm>
    <mpaId>100060</mpaId>
    <link-mpaId>NAS</link-mpaId>
  </linkTerm>
  <linkTerm>
    <mpaId>100061</mpaId>
    <link-mpaId>MIS</link-mpaId>
  </linkTerm>
  <linkTerm>
    <mpaId>100061</mpaId>
    <link-mpaId>NAS</link-mpaId>
  </linkTerm>
  <linkTerm>
    <mpaId>100062</mpaId>
    <link-mpaId>PAR</link-mpaId>
  </linkTerm>
  <linkTerm>
    <mpaId>100063</mpaId>
    <link-mpaId>IVU</link-mpaId>
  </linkTerm>
  <linkTerm>
    <mpaId>100064</mpaId>
    <link-mpaId>PAR</link-mpaId>
  </linkTerm>
  <linkTerm>
    <mpaId>100065</mpaId>
    <link-mpaId>PAR</link-mpaId>
  </linkTerm>
  <linkTerm>
    <mpaId>100066</mpaId>
    <link-mpaId>0</link-mpaId>
  </linkTerm>
  <linkTerm>
    <mpaId>100067</mpaId>
    <link-mpaId>0</link-mpaId>
  </linkTerm>
  <linkTerm>
    <mpaId>100068</mpaId>
    <link-mpaId>CUT</link-mpaId>
  </linkTerm>
  <linkTerm>
    <mpaId>100069</mpaId>
    <link-mpaId>CUT</link-mpaId>
  </linkTerm>
  <linkTerm>
    <mpaId>100070</mpaId>
    <link-mpaId>CUT</link-mpaId>
  </linkTerm>
  <linkTerm>
    <mpaId>100071</mpaId>
    <link-mpaId>0</link-mpaId>
  </linkTerm>
  <linkTerm>
    <mpaId>100071</mpaId>
    <link-mpaId>REC</link-mpaId>
  </linkTerm>
  <linkTerm>
    <mpaId>100072</mpaId>
    <link-mpaId>CUT</link-mpaId>
  </linkTerm>
  <linkTerm>
    <mpaId>100073</mpaId>
    <link-mpaId>DEN</link-mpaId>
  </linkTerm>
  <linkTerm>
    <mpaId>100074</mpaId>
    <link-mpaId>MIS</link-mpaId>
  </linkTerm>
  <linkTerm>
    <mpaId>100075</mpaId>
    <link-mpaId>EAR</link-mpaId>
  </linkTerm>
  <linkTerm>
    <mpaId>100075</mpaId>
    <link-mpaId>EYE</link-mpaId>
  </linkTerm>
  <linkTerm>
    <mpaId>100076</mpaId>
    <link-mpaId>NAS</link-mpaId>
  </linkTerm>
  <linkTerm>
    <mpaId>100077</mpaId>
    <link-mpaId>MIS</link-mpaId>
  </linkTerm>
  <linkTerm>
    <mpaId>100078</mpaId>
    <link-mpaId>7</link-mpaId>
  </linkTerm>
  <linkTerm>
    <mpaId>100079</mpaId>
    <link-mpaId>OMG</link-mpaId>
  </linkTerm>
  <linkTerm>
    <mpaId>100080</mpaId>
    <link-mpaId>PAR</link-mpaId>
  </linkTerm>
  <linkTerm>
    <mpaId>100081</mpaId>
    <link-mpaId>0</link-mpaId>
  </linkTerm>
  <linkTerm>
    <mpaId>100082</mpaId>
    <link-mpaId>PAR</link-mpaId>
  </linkTerm>
  <linkTerm>
    <mpaId>100083</mpaId>
    <link-mpaId>VAG</link-mpaId>
  </linkTerm>
  <linkTerm>
    <mpaId>100084</mpaId>
    <link-mpaId>MIS</link-mpaId>
  </linkTerm>
  <linkTerm>
    <mpaId>100085</mpaId>
    <link-mpaId>8</link-mpaId>
  </linkTerm>
  <linkTerm>
    <mpaId>100086</mpaId>
    <link-mpaId>8</link-mpaId>
  </linkTerm>
  <linkTerm>
    <mpaId>BATADD</mpaId>
    <link-mpaId>CUT</link-mpaId>
  </linkTerm>
  <linkTerm>
    <mpaId>BEHIGE</mpaId>
    <link-mpaId>ENV</link-mpaId>
  </linkTerm>
  <linkTerm>
    <mpaId>BEHIST</mpaId>
    <link-mpaId>ENV</link-mpaId>
  </linkTerm>
  <linkTerm>
    <mpaId>BEHSOL</mpaId>
    <link-mpaId>ENV</link-mpaId>
  </linkTerm>
  <linkTerm>
    <mpaId>BESMPA</mpaId>
    <link-mpaId>ENV</link-mpaId>
  </linkTerm>
  <linkTerm>
    <mpaId>BESMST</mpaId>
    <link-mpaId>ENV</link-mpaId>
  </linkTerm>
  <linkTerm>
    <mpaId>BHDISA</mpaId>
    <link-mpaId>ENV</link-mpaId>
  </linkTerm>
  <linkTerm>
    <mpaId>BLAIRR</mpaId>
    <link-mpaId>IVU</link-mpaId>
  </linkTerm>
  <linkTerm>
    <mpaId>BUCFIL</mpaId>
    <link-mpaId>OMG</link-mpaId>
  </linkTerm>
  <linkTerm>
    <mpaId>BUCTAB</mpaId>
    <link-mpaId>OMG</link-mpaId>
  </linkTerm>
  <linkTerm>
    <mpaId>CACHET</mpaId>
    <link-mpaId>0</link-mpaId>
  </linkTerm>
  <linkTerm>
    <mpaId>CAPHAR</mpaId>
    <link-mpaId>0</link-mpaId>
  </linkTerm>
  <linkTerm>
    <mpaId>CAPSOF</mpaId>
    <link-mpaId>0</link-mpaId>
  </linkTerm>
  <linkTerm>
    <mpaId>CHCASO</mpaId>
    <link-mpaId>0</link-mpaId>
  </linkTerm>
  <linkTerm>
    <mpaId>CHDITA</mpaId>
    <link-mpaId>0</link-mpaId>
  </linkTerm>
  <linkTerm>
    <mpaId>CHETAB</mpaId>
    <link-mpaId>0</link-mpaId>
  </linkTerm>
  <linkTerm>
    <mpaId>COATAB</mpaId>
    <link-mpaId>0</link-mpaId>
  </linkTerm>
  <linkTerm>
    <mpaId>COCSOI</mpaId>
    <link-mpaId>PAR</link-mpaId>
  </linkTerm>
  <linkTerm>
    <mpaId>COCUSO</mpaId>
    <link-mpaId>CUT</link-mpaId>
  </linkTerm>
  <linkTerm>
    <mpaId>CODIIF</mpaId>
    <link-mpaId>PAR</link-mpaId>
  </linkTerm>
  <linkTerm>
    <mpaId>CODISO</mpaId>
    <link-mpaId>CUT</link-mpaId>
  </linkTerm>
  <linkTerm>
    <mpaId>COEINF</mpaId>
    <link-mpaId>PAR</link-mpaId>
  </linkTerm>
  <linkTerm>
    <mpaId>COGRSA</mpaId>
    <link-mpaId>0</link-mpaId>
  </linkTerm>
  <linkTerm>
    <mpaId>COHDSO</mpaId>
    <link-mpaId>1</link-mpaId>
  </linkTerm>
  <linkTerm>
    <mpaId>COHDSO</mpaId>
    <link-mpaId>PAR</link-mpaId>
  </linkTerm>
  <linkTerm>
    <mpaId>COLLAR</mpaId>
    <link-mpaId>CUT</link-mpaId>
  </linkTerm>
  <linkTerm>
    <mpaId>COLLOD</mpaId>
    <link-mpaId>CUT</link-mpaId>
  </linkTerm>
  <linkTerm>
    <mpaId>COMLOZ</mpaId>
    <link-mpaId>OMG</link-mpaId>
  </linkTerm>
  <linkTerm>
    <mpaId>CONESO</mpaId>
    <link-mpaId>8</link-mpaId>
  </linkTerm>
  <linkTerm>
    <mpaId>CONGAR</mpaId>
    <link-mpaId>OMG</link-mpaId>
  </linkTerm>
  <linkTerm>
    <mpaId>CONINT</mpaId>
    <link-mpaId>IVU</link-mpaId>
  </linkTerm>
  <linkTerm>
    <mpaId>COOMSO</mpaId>
    <link-mpaId>OMG</link-mpaId>
  </linkTerm>
  <linkTerm>
    <mpaId>COORSO</mpaId>
    <link-mpaId>0</link-mpaId>
  </linkTerm>
  <linkTerm>
    <mpaId>COORSU</mpaId>
    <link-mpaId>0</link-mpaId>
  </linkTerm>
  <linkTerm>
    <mpaId>COPEDI</mpaId>
    <link-mpaId>9</link-mpaId>
  </linkTerm>
  <linkTerm>
    <mpaId>CORESO</mpaId>
    <link-mpaId>REC</link-mpaId>
  </linkTerm>
  <linkTerm>
    <mpaId>COSINF</mpaId>
    <link-mpaId>PAR</link-mpaId>
  </linkTerm>
  <linkTerm>
    <mpaId>COSINJ</mpaId>
    <link-mpaId>PAR</link-mpaId>
  </linkTerm>
  <linkTerm>
    <mpaId>COSIOI</mpaId>
    <link-mpaId>7</link-mpaId>
  </linkTerm>
  <linkTerm>
    <mpaId>COSUIF</mpaId>
    <link-mpaId>PAR</link-mpaId>
  </linkTerm>
  <linkTerm>
    <mpaId>COSUIJ</mpaId>
    <link-mpaId>PAR</link-mpaId>
  </linkTerm>
  <linkTerm>
    <mpaId>CREAM</mpaId>
    <link-mpaId>CUT</link-mpaId>
  </linkTerm>
  <linkTerm>
    <mpaId>CRIRUD</mpaId>
    <link-mpaId>0</link-mpaId>
  </linkTerm>
  <linkTerm>
    <mpaId>CSIJIF</mpaId>
    <link-mpaId>PAR</link-mpaId>
  </linkTerm>
  <linkTerm>
    <mpaId>CSOCIF</mpaId>
    <link-mpaId>PAR</link-mpaId>
  </linkTerm>
  <linkTerm>
    <mpaId>CSOCSP</mpaId>
    <link-mpaId>CUT</link-mpaId>
  </linkTerm>
  <linkTerm>
    <mpaId>CSSIJF</mpaId>
    <link-mpaId>PAR</link-mpaId>
  </linkTerm>
  <linkTerm>
    <mpaId>CSSOIF</mpaId>
    <link-mpaId>PAR</link-mpaId>
  </linkTerm>
  <linkTerm>
    <mpaId>CSSUIJ</mpaId>
    <link-mpaId>PAR</link-mpaId>
  </linkTerm>
  <linkTerm>
    <mpaId>CUNAOI</mpaId>
    <link-mpaId>CUT</link-mpaId>
  </linkTerm>
  <linkTerm>
    <mpaId>CUNAOI</mpaId>
    <link-mpaId>NAS</link-mpaId>
  </linkTerm>
  <linkTerm>
    <mpaId>CUSPEM</mpaId>
    <link-mpaId>CUT</link-mpaId>
  </linkTerm>
  <linkTerm>
    <mpaId>CUSPPO</mpaId>
    <link-mpaId>CUT</link-mpaId>
  </linkTerm>
  <linkTerm>
    <mpaId>CUSPSO</mpaId>
    <link-mpaId>CUT</link-mpaId>
  </linkTerm>
  <linkTerm>
    <mpaId>CUSPSU</mpaId>
    <link-mpaId>CUT</link-mpaId>
  </linkTerm>
  <linkTerm>
    <mpaId>CUTEMU</mpaId>
    <link-mpaId>CUT</link-mpaId>
  </linkTerm>
  <linkTerm>
    <mpaId>CUTFOA</mpaId>
    <link-mpaId>CUT</link-mpaId>
  </linkTerm>
  <linkTerm>
    <mpaId>CUTLIQ</mpaId>
    <link-mpaId>CUT</link-mpaId>
  </linkTerm>
  <linkTerm>
    <mpaId>CUTORO</mpaId>
    <link-mpaId>CUT</link-mpaId>
  </linkTerm>
  <linkTerm>
    <mpaId>CUTORO</mpaId>
    <link-mpaId>OMG</link-mpaId>
  </linkTerm>
  <linkTerm>
    <mpaId>CUTPAS</mpaId>
    <link-mpaId>CUT</link-mpaId>
  </linkTerm>
  <linkTerm>
    <mpaId>CUTPAT</mpaId>
    <link-mpaId>CUT</link-mpaId>
  </linkTerm>
  <linkTerm>
    <mpaId>CUTPOW</mpaId>
    <link-mpaId>CUT</link-mpaId>
  </linkTerm>
  <linkTerm>
    <mpaId>CUTSOL</mpaId>
    <link-mpaId>CUT</link-mpaId>
  </linkTerm>
  <linkTerm>
    <mpaId>CUTSPO</mpaId>
    <link-mpaId>CUT</link-mpaId>
  </linkTerm>
  <linkTerm>
    <mpaId>CUTSTI</mpaId>
    <link-mpaId>CUT</link-mpaId>
  </linkTerm>
  <linkTerm>
    <mpaId>CUTSUS</mpaId>
    <link-mpaId>CUT</link-mpaId>
  </linkTerm>
  <linkTerm>
    <mpaId>DENCEM</mpaId>
    <link-mpaId>DEN</link-mpaId>
  </linkTerm>
  <linkTerm>
    <mpaId>DENEMU</mpaId>
    <link-mpaId>DEN</link-mpaId>
  </linkTerm>
  <linkTerm>
    <mpaId>DENGEL</mpaId>
    <link-mpaId>DEN</link-mpaId>
  </linkTerm>
  <linkTerm>
    <mpaId>DENPOW</mpaId>
    <link-mpaId>DEN</link-mpaId>
  </linkTerm>
  <linkTerm>
    <mpaId>DENSOL</mpaId>
    <link-mpaId>DEN</link-mpaId>
  </linkTerm>
  <linkTerm>
    <mpaId>DENSTI</mpaId>
    <link-mpaId>DEN</link-mpaId>
  </linkTerm>
  <linkTerm>
    <mpaId>DENSUS</mpaId>
    <link-mpaId>DEN</link-mpaId>
  </linkTerm>
  <linkTerm>
    <mpaId>DICOIF</mpaId>
    <link-mpaId>PAR</link-mpaId>
  </linkTerm>
  <linkTerm>
    <mpaId>DIFOIN</mpaId>
    <link-mpaId>PAR</link-mpaId>
  </linkTerm>
  <linkTerm>
    <mpaId>DIPEMU</mpaId>
    <link-mpaId>CUT</link-mpaId>
  </linkTerm>
  <linkTerm>
    <mpaId>DIPSOL</mpaId>
    <link-mpaId>CUT</link-mpaId>
  </linkTerm>
  <linkTerm>
    <mpaId>DIPSUS</mpaId>
    <link-mpaId>CUT</link-mpaId>
  </linkTerm>
  <linkTerm>
    <mpaId>DISINJ</mpaId>
    <link-mpaId>PAR</link-mpaId>
  </linkTerm>
  <linkTerm>
    <mpaId>DISTAB</mpaId>
    <link-mpaId>0</link-mpaId>
  </linkTerm>
  <linkTerm>
    <mpaId>DISTAD</mpaId>
    <link-mpaId>0</link-mpaId>
  </linkTerm>
  <linkTerm>
    <mpaId>DSIJIF</mpaId>
    <link-mpaId>PAR</link-mpaId>
  </linkTerm>
  <linkTerm>
    <mpaId>EADPSS</mpaId>
    <link-mpaId>6</link-mpaId>
  </linkTerm>
  <linkTerm>
    <mpaId>EADPSU</mpaId>
    <link-mpaId>EAR</link-mpaId>
  </linkTerm>
  <linkTerm>
    <mpaId>EADREM</mpaId>
    <link-mpaId>6</link-mpaId>
  </linkTerm>
  <linkTerm>
    <mpaId>EADRIS</mpaId>
    <link-mpaId>6</link-mpaId>
  </linkTerm>
  <linkTerm>
    <mpaId>EADRSO</mpaId>
    <link-mpaId>6</link-mpaId>
  </linkTerm>
  <linkTerm>
    <mpaId>EADRSU</mpaId>
    <link-mpaId>6</link-mpaId>
  </linkTerm>
  <linkTerm>
    <mpaId>EADSOS</mpaId>
    <link-mpaId>6</link-mpaId>
  </linkTerm>
  <linkTerm>
    <mpaId>EAEYDR</mpaId>
    <link-mpaId>6</link-mpaId>
  </linkTerm>
  <linkTerm>
    <mpaId>EAEYDR</mpaId>
    <link-mpaId>7</link-mpaId>
  </linkTerm>
  <linkTerm>
    <mpaId>EAEYNA</mpaId>
    <link-mpaId>6</link-mpaId>
  </linkTerm>
  <linkTerm>
    <mpaId>EAEYNA</mpaId>
    <link-mpaId>7</link-mpaId>
  </linkTerm>
  <linkTerm>
    <mpaId>EAEYNA</mpaId>
    <link-mpaId>NAS</link-mpaId>
  </linkTerm>
  <linkTerm>
    <mpaId>EAEYOI</mpaId>
    <link-mpaId>6</link-mpaId>
  </linkTerm>
  <linkTerm>
    <mpaId>EAEYOI</mpaId>
    <link-mpaId>7</link-mpaId>
  </linkTerm>
  <linkTerm>
    <mpaId>EANADR</mpaId>
    <link-mpaId>6</link-mpaId>
  </linkTerm>
  <linkTerm>
    <mpaId>EANADR</mpaId>
    <link-mpaId>NAS</link-mpaId>
  </linkTerm>
  <linkTerm>
    <mpaId>EARCRE</mpaId>
    <link-mpaId>6</link-mpaId>
  </linkTerm>
  <linkTerm>
    <mpaId>EARGEL</mpaId>
    <link-mpaId>6</link-mpaId>
  </linkTerm>
  <linkTerm>
    <mpaId>EAROIN</mpaId>
    <link-mpaId>6</link-mpaId>
  </linkTerm>
  <linkTerm>
    <mpaId>EARPOW</mpaId>
    <link-mpaId>6</link-mpaId>
  </linkTerm>
  <linkTerm>
    <mpaId>EARSTI</mpaId>
    <link-mpaId>6</link-mpaId>
  </linkTerm>
  <linkTerm>
    <mpaId>EARTAG</mpaId>
    <link-mpaId>CUT</link-mpaId>
  </linkTerm>
  <linkTerm>
    <mpaId>EARTAM</mpaId>
    <link-mpaId>6</link-mpaId>
  </linkTerm>
  <linkTerm>
    <mpaId>EASPEM</mpaId>
    <link-mpaId>6</link-mpaId>
  </linkTerm>
  <linkTerm>
    <mpaId>EASPSO</mpaId>
    <link-mpaId>6</link-mpaId>
  </linkTerm>
  <linkTerm>
    <mpaId>EASPSU</mpaId>
    <link-mpaId>6</link-mpaId>
  </linkTerm>
  <linkTerm>
    <mpaId>EAWAEM</mpaId>
    <link-mpaId>6</link-mpaId>
  </linkTerm>
  <linkTerm>
    <mpaId>EAWASO</mpaId>
    <link-mpaId>6</link-mpaId>
  </linkTerm>
  <linkTerm>
    <mpaId>EDPOSO</mpaId>
    <link-mpaId>7</link-mpaId>
  </linkTerm>
  <linkTerm>
    <mpaId>EDPRRE</mpaId>
    <link-mpaId>7</link-mpaId>
  </linkTerm>
  <linkTerm>
    <mpaId>EDPSSO</mpaId>
    <link-mpaId>7</link-mpaId>
  </linkTerm>
  <linkTerm>
    <mpaId>EDPSSU</mpaId>
    <link-mpaId>7</link-mpaId>
  </linkTerm>
  <linkTerm>
    <mpaId>EDSOSP</mpaId>
    <link-mpaId>7</link-mpaId>
  </linkTerm>
  <linkTerm>
    <mpaId>EDSSDC</mpaId>
    <link-mpaId>7</link-mpaId>
  </linkTerm>
  <linkTerm>
    <mpaId>EDSUSD</mpaId>
    <link-mpaId>7</link-mpaId>
  </linkTerm>
  <linkTerm>
    <mpaId>EFFGRA</mpaId>
    <link-mpaId>0</link-mpaId>
  </linkTerm>
  <linkTerm>
    <mpaId>EFFPOW</mpaId>
    <link-mpaId>0</link-mpaId>
  </linkTerm>
  <linkTerm>
    <mpaId>EFFTAB</mpaId>
    <link-mpaId>0</link-mpaId>
  </linkTerm>
  <linkTerm>
    <mpaId>EFGOSU</mpaId>
    <link-mpaId>0</link-mpaId>
  </linkTerm>
  <linkTerm>
    <mpaId>EFTAFT</mpaId>
    <link-mpaId>0</link-mpaId>
  </linkTerm>
  <linkTerm>
    <mpaId>EFVATA</mpaId>
    <link-mpaId>VAG</link-mpaId>
  </linkTerm>
  <linkTerm>
    <mpaId>EMEMIJ</mpaId>
    <link-mpaId>PAR</link-mpaId>
  </linkTerm>
  <linkTerm>
    <mpaId>EMIJPS</mpaId>
    <link-mpaId>PAR</link-mpaId>
  </linkTerm>
  <linkTerm>
    <mpaId>EMINIF</mpaId>
    <link-mpaId>PAR</link-mpaId>
  </linkTerm>
  <linkTerm>
    <mpaId>EMUINF</mpaId>
    <link-mpaId>PAR</link-mpaId>
  </linkTerm>
  <linkTerm>
    <mpaId>EMUINJ</mpaId>
    <link-mpaId>PAR</link-mpaId>
  </linkTerm>
  <linkTerm>
    <mpaId>ENCEGE</mpaId>
    <link-mpaId>ECV</link-mpaId>
  </linkTerm>
  <linkTerm>
    <mpaId>ENSISO</mpaId>
    <link-mpaId>NAS</link-mpaId>
  </linkTerm>
  <linkTerm>
    <mpaId>ENTGEL</mpaId>
    <link-mpaId>5</link-mpaId>
  </linkTerm>
  <linkTerm>
    <mpaId>ESUEIJ</mpaId>
    <link-mpaId>PAR</link-mpaId>
  </linkTerm>
  <linkTerm>
    <mpaId>ETIPSS</mpaId>
    <link-mpaId>8</link-mpaId>
  </linkTerm>
  <linkTerm>
    <mpaId>ETPIPS</mpaId>
    <link-mpaId>8</link-mpaId>
  </linkTerm>
  <linkTerm>
    <mpaId>ETPISO</mpaId>
    <link-mpaId>8</link-mpaId>
  </linkTerm>
  <linkTerm>
    <mpaId>ETPISS</mpaId>
    <link-mpaId>8</link-mpaId>
  </linkTerm>
  <linkTerm>
    <mpaId>ETPISU</mpaId>
    <link-mpaId>8</link-mpaId>
  </linkTerm>
  <linkTerm>
    <mpaId>ETPPSU</mpaId>
    <link-mpaId>8</link-mpaId>
  </linkTerm>
  <linkTerm>
    <mpaId>EYDREM</mpaId>
    <link-mpaId>7</link-mpaId>
  </linkTerm>
  <linkTerm>
    <mpaId>EYDRSO</mpaId>
    <link-mpaId>7</link-mpaId>
  </linkTerm>
  <linkTerm>
    <mpaId>EYDRSU</mpaId>
    <link-mpaId>7</link-mpaId>
  </linkTerm>
  <linkTerm>
    <mpaId>EYDSRE</mpaId>
    <link-mpaId>7</link-mpaId>
  </linkTerm>
  <linkTerm>
    <mpaId>EYECRE</mpaId>
    <link-mpaId>7</link-mpaId>
  </linkTerm>
  <linkTerm>
    <mpaId>EYEGEL</mpaId>
    <link-mpaId>7</link-mpaId>
  </linkTerm>
  <linkTerm>
    <mpaId>EYELOT</mpaId>
    <link-mpaId>7</link-mpaId>
  </linkTerm>
  <linkTerm>
    <mpaId>EYEOIN</mpaId>
    <link-mpaId>7</link-mpaId>
  </linkTerm>
  <linkTerm>
    <mpaId>EYGESD</mpaId>
    <link-mpaId>7</link-mpaId>
  </linkTerm>
  <linkTerm>
    <mpaId>EYLSRE</mpaId>
    <link-mpaId>7</link-mpaId>
  </linkTerm>
  <linkTerm>
    <mpaId>EYOSDC</mpaId>
    <link-mpaId>7</link-mpaId>
  </linkTerm>
  <linkTerm>
    <mpaId>FICOTA</mpaId>
    <link-mpaId>0</link-mpaId>
  </linkTerm>
  <linkTerm>
    <mpaId>GADIIF</mpaId>
    <link-mpaId>PAR</link-mpaId>
  </linkTerm>
  <linkTerm>
    <mpaId>GADIJF</mpaId>
    <link-mpaId>PAR</link-mpaId>
  </linkTerm>
  <linkTerm>
    <mpaId>GAENEM</mpaId>
    <link-mpaId>4</link-mpaId>
  </linkTerm>
  <linkTerm>
    <mpaId>GAENSO</mpaId>
    <link-mpaId>4</link-mpaId>
  </linkTerm>
  <linkTerm>
    <mpaId>GAENSU</mpaId>
    <link-mpaId>4</link-mpaId>
  </linkTerm>
  <linkTerm>
    <mpaId>GAPOSO</mpaId>
    <link-mpaId>OMG</link-mpaId>
  </linkTerm>
  <linkTerm>
    <mpaId>GARECH</mpaId>
    <link-mpaId>0</link-mpaId>
  </linkTerm>
  <linkTerm>
    <mpaId>GARECS</mpaId>
    <link-mpaId>0</link-mpaId>
  </linkTerm>
  <linkTerm>
    <mpaId>GAREGR</mpaId>
    <link-mpaId>0</link-mpaId>
  </linkTerm>
  <linkTerm>
    <mpaId>GARETA</mpaId>
    <link-mpaId>0</link-mpaId>
  </linkTerm>
  <linkTerm>
    <mpaId>GARGLE</mpaId>
    <link-mpaId>OMG</link-mpaId>
  </linkTerm>
  <linkTerm>
    <mpaId>GARGNA</mpaId>
    <link-mpaId>NAS</link-mpaId>
  </linkTerm>
  <linkTerm>
    <mpaId>GARGNA</mpaId>
    <link-mpaId>OMG</link-mpaId>
  </linkTerm>
  <linkTerm>
    <mpaId>GASDIF</mpaId>
    <link-mpaId>PAR</link-mpaId>
  </linkTerm>
  <linkTerm>
    <mpaId>GATASO</mpaId>
    <link-mpaId>OMG</link-mpaId>
  </linkTerm>
  <linkTerm>
    <mpaId>GATRCS</mpaId>
    <link-mpaId>0</link-mpaId>
  </linkTerm>
  <linkTerm>
    <mpaId>GATRCS</mpaId>
    <link-mpaId>REC</link-mpaId>
  </linkTerm>
  <linkTerm>
    <mpaId>GEL1</mpaId>
    <link-mpaId>CUT</link-mpaId>
  </linkTerm>
  <linkTerm>
    <mpaId>GELFGE</mpaId>
    <link-mpaId>CUT</link-mpaId>
  </linkTerm>
  <linkTerm>
    <mpaId>GELPRE</mpaId>
    <link-mpaId>CUT</link-mpaId>
  </linkTerm>
  <linkTerm>
    <mpaId>GELSAC</mpaId>
    <link-mpaId>CUT</link-mpaId>
  </linkTerm>
  <linkTerm>
    <mpaId>GINGEL</mpaId>
    <link-mpaId>OMG</link-mpaId>
  </linkTerm>
  <linkTerm>
    <mpaId>GINPAS</mpaId>
    <link-mpaId>OMG</link-mpaId>
  </linkTerm>
  <linkTerm>
    <mpaId>GINSOL</mpaId>
    <link-mpaId>OMG</link-mpaId>
  </linkTerm>
  <linkTerm>
    <mpaId>GODSOL</mpaId>
    <link-mpaId>0</link-mpaId>
  </linkTerm>
  <linkTerm>
    <mpaId>GOSOSA</mpaId>
    <link-mpaId>0</link-mpaId>
  </linkTerm>
  <linkTerm>
    <mpaId>GOSUSA</mpaId>
    <link-mpaId>0</link-mpaId>
  </linkTerm>
  <linkTerm>
    <mpaId>GRANUL</mpaId>
    <link-mpaId>0</link-mpaId>
  </linkTerm>
  <linkTerm>
    <mpaId>GRASAC</mpaId>
    <link-mpaId>0</link-mpaId>
  </linkTerm>
  <linkTerm>
    <mpaId>GRASYR</mpaId>
    <link-mpaId>0</link-mpaId>
  </linkTerm>
  <linkTerm>
    <mpaId>GRORRE</mpaId>
    <link-mpaId>0</link-mpaId>
  </linkTerm>
  <linkTerm>
    <mpaId>GRORRE</mpaId>
    <link-mpaId>REC</link-mpaId>
  </linkTerm>
  <linkTerm>
    <mpaId>GRORSO</mpaId>
    <link-mpaId>0</link-mpaId>
  </linkTerm>
  <linkTerm>
    <mpaId>GRORSU</mpaId>
    <link-mpaId>0</link-mpaId>
  </linkTerm>
  <linkTerm>
    <mpaId>GRPRTA</mpaId>
    <link-mpaId>0</link-mpaId>
  </linkTerm>
  <linkTerm>
    <mpaId>GRRESU</mpaId>
    <link-mpaId>REC</link-mpaId>
  </linkTerm>
  <linkTerm>
    <mpaId>GRSUIJ</mpaId>
    <link-mpaId>PAR</link-mpaId>
  </linkTerm>
  <linkTerm>
    <mpaId>GRUDWA</mpaId>
    <link-mpaId>0</link-mpaId>
  </linkTerm>
  <linkTerm>
    <mpaId>GSORSU</mpaId>
    <link-mpaId>0</link-mpaId>
  </linkTerm>
  <linkTerm>
    <mpaId>HERTEA</mpaId>
    <link-mpaId>0</link-mpaId>
  </linkTerm>
  <linkTerm>
    <mpaId>HETEBA</mpaId>
    <link-mpaId>0</link-mpaId>
  </linkTerm>
  <linkTerm>
    <mpaId>IMPCHA</mpaId>
    <link-mpaId>PAR</link-mpaId>
  </linkTerm>
  <linkTerm>
    <mpaId>IMPDRE</mpaId>
    <link-mpaId>CUT</link-mpaId>
  </linkTerm>
  <linkTerm>
    <mpaId>IMPLAN</mpaId>
    <link-mpaId>PAR</link-mpaId>
  </linkTerm>
  <linkTerm>
    <mpaId>IMPMAT</mpaId>
    <link-mpaId>PAR</link-mpaId>
  </linkTerm>
  <linkTerm>
    <mpaId>IMPPAS</mpaId>
    <link-mpaId>PAR</link-mpaId>
  </linkTerm>
  <linkTerm>
    <mpaId>IMPPFS</mpaId>
    <link-mpaId>PAR</link-mpaId>
  </linkTerm>
  <linkTerm>
    <mpaId>IMPSUS</mpaId>
    <link-mpaId>PAR</link-mpaId>
  </linkTerm>
  <linkTerm>
    <mpaId>IMPTAB</mpaId>
    <link-mpaId>PAR</link-mpaId>
  </linkTerm>
  <linkTerm>
    <mpaId>INHETE</mpaId>
    <link-mpaId>0</link-mpaId>
  </linkTerm>
  <linkTerm>
    <mpaId>INHGAS</mpaId>
    <link-mpaId>8</link-mpaId>
  </linkTerm>
  <linkTerm>
    <mpaId>INHPOW</mpaId>
    <link-mpaId>8</link-mpaId>
  </linkTerm>
  <linkTerm>
    <mpaId>INHSOL</mpaId>
    <link-mpaId>8</link-mpaId>
  </linkTerm>
  <linkTerm>
    <mpaId>INMAEM</mpaId>
    <link-mpaId>INM</link-mpaId>
  </linkTerm>
  <linkTerm>
    <mpaId>INMAOI</mpaId>
    <link-mpaId>INM</link-mpaId>
  </linkTerm>
  <linkTerm>
    <mpaId>INMASO</mpaId>
    <link-mpaId>INM</link-mpaId>
  </linkTerm>
  <linkTerm>
    <mpaId>INMASU</mpaId>
    <link-mpaId>INM</link-mpaId>
  </linkTerm>
  <linkTerm>
    <mpaId>INMGEL</mpaId>
    <link-mpaId>INM</link-mpaId>
  </linkTerm>
  <linkTerm>
    <mpaId>INOCSO</mpaId>
    <link-mpaId>EYE</link-mpaId>
  </linkTerm>
  <linkTerm>
    <mpaId>INPESO</mpaId>
    <link-mpaId>9</link-mpaId>
  </linkTerm>
  <linkTerm>
    <mpaId>INPOHC</mpaId>
    <link-mpaId>8</link-mpaId>
  </linkTerm>
  <linkTerm>
    <mpaId>INPOPD</mpaId>
    <link-mpaId>8</link-mpaId>
  </linkTerm>
  <linkTerm>
    <mpaId>INTFOA</mpaId>
    <link-mpaId>IUT</link-mpaId>
  </linkTerm>
  <linkTerm>
    <mpaId>INTSOL</mpaId>
    <link-mpaId>IVU</link-mpaId>
  </linkTerm>
  <linkTerm>
    <mpaId>INUTCA</mpaId>
    <link-mpaId>IUT</link-mpaId>
  </linkTerm>
  <linkTerm>
    <mpaId>INUTEM</mpaId>
    <link-mpaId>IUT</link-mpaId>
  </linkTerm>
  <linkTerm>
    <mpaId>INUTSO</mpaId>
    <link-mpaId>IUT</link-mpaId>
  </linkTerm>
  <linkTerm>
    <mpaId>INUTSU</mpaId>
    <link-mpaId>IUT</link-mpaId>
  </linkTerm>
  <linkTerm>
    <mpaId>INVACA</mpaId>
    <link-mpaId>8</link-mpaId>
  </linkTerm>
  <linkTerm>
    <mpaId>INVAIM</mpaId>
    <link-mpaId>8</link-mpaId>
  </linkTerm>
  <linkTerm>
    <mpaId>INVALI</mpaId>
    <link-mpaId>8</link-mpaId>
  </linkTerm>
  <linkTerm>
    <mpaId>INVAOI</mpaId>
    <link-mpaId>8</link-mpaId>
  </linkTerm>
  <linkTerm>
    <mpaId>INVAPO</mpaId>
    <link-mpaId>8</link-mpaId>
  </linkTerm>
  <linkTerm>
    <mpaId>INVASO</mpaId>
    <link-mpaId>8</link-mpaId>
  </linkTerm>
  <linkTerm>
    <mpaId>INVATA</mpaId>
    <link-mpaId>8</link-mpaId>
  </linkTerm>
  <linkTerm>
    <mpaId>isosol</mpaId>
    <link-mpaId>IVU</link-mpaId>
  </linkTerm>
  <linkTerm>
    <mpaId>isosol</mpaId>
    <link-mpaId>PAR</link-mpaId>
  </linkTerm>
  <linkTerm>
    <mpaId>IVIMAP</mpaId>
    <link-mpaId>PAR</link-mpaId>
  </linkTerm>
  <linkTerm>
    <mpaId>KITIMP</mpaId>
    <link-mpaId>PAR</link-mpaId>
  </linkTerm>
  <linkTerm>
    <mpaId>LICBLO</mpaId>
    <link-mpaId>0</link-mpaId>
  </linkTerm>
  <linkTerm>
    <mpaId>LITIEQ</mpaId>
    <link-mpaId>PAR</link-mpaId>
  </linkTerm>
  <linkTerm>
    <mpaId>LOZENG</mpaId>
    <link-mpaId>OMG</link-mpaId>
  </linkTerm>
  <linkTerm>
    <mpaId>LSSOIJ</mpaId>
    <link-mpaId>PAR</link-mpaId>
  </linkTerm>
  <linkTerm>
    <mpaId>LSSUIJ</mpaId>
    <link-mpaId>PAR</link-mpaId>
  </linkTerm>
  <linkTerm>
    <mpaId>LSUSIJ</mpaId>
    <link-mpaId>PAR</link-mpaId>
  </linkTerm>
  <linkTerm>
    <mpaId>LUSUIJ</mpaId>
    <link-mpaId>PAR</link-mpaId>
  </linkTerm>
  <linkTerm>
    <mpaId>LYDRWA</mpaId>
    <link-mpaId>0</link-mpaId>
  </linkTerm>
  <linkTerm>
    <mpaId>LYONSU</mpaId>
    <link-mpaId>2</link-mpaId>
  </linkTerm>
  <linkTerm>
    <mpaId>LYORSU</mpaId>
    <link-mpaId>0</link-mpaId>
  </linkTerm>
  <linkTerm>
    <mpaId>LYSNDS</mpaId>
    <link-mpaId>NAS</link-mpaId>
  </linkTerm>
  <linkTerm>
    <mpaId>LYSOIF</mpaId>
    <link-mpaId>PAR</link-mpaId>
  </linkTerm>
  <linkTerm>
    <mpaId>LYSOIJ</mpaId>
    <link-mpaId>PAR</link-mpaId>
  </linkTerm>
  <linkTerm>
    <mpaId>LYSOSU</mpaId>
    <link-mpaId>0</link-mpaId>
  </linkTerm>
  <linkTerm>
    <mpaId>LYSSUN</mpaId>
    <link-mpaId>NAS</link-mpaId>
  </linkTerm>
  <linkTerm>
    <mpaId>MECHGU</mpaId>
    <link-mpaId>0</link-mpaId>
  </linkTerm>
  <linkTerm>
    <mpaId>MECHGU</mpaId>
    <link-mpaId>OMG</link-mpaId>
  </linkTerm>
  <linkTerm>
    <mpaId>MEDCOL</mpaId>
    <link-mpaId>CUT</link-mpaId>
  </linkTerm>
  <linkTerm>
    <mpaId>MEDPAT</mpaId>
    <link-mpaId>CUT</link-mpaId>
  </linkTerm>
  <linkTerm>
    <mpaId>MEDPEL</mpaId>
    <link-mpaId>0</link-mpaId>
  </linkTerm>
  <linkTerm>
    <mpaId>MEDPEN</mpaId>
    <link-mpaId>CUT</link-mpaId>
  </linkTerm>
  <linkTerm>
    <mpaId>MEGACO</mpaId>
    <link-mpaId>8</link-mpaId>
  </linkTerm>
  <linkTerm>
    <mpaId>MEGACR</mpaId>
    <link-mpaId>8</link-mpaId>
  </linkTerm>
  <linkTerm>
    <mpaId>MEGALI</mpaId>
    <link-mpaId>8</link-mpaId>
  </linkTerm>
  <linkTerm>
    <mpaId>MENALA</mpaId>
    <link-mpaId>CUT</link-mpaId>
  </linkTerm>
  <linkTerm>
    <mpaId>MEVATA</mpaId>
    <link-mpaId>VAG</link-mpaId>
  </linkTerm>
  <linkTerm>
    <mpaId>MOPOSO</mpaId>
    <link-mpaId>OMG</link-mpaId>
  </linkTerm>
  <linkTerm>
    <mpaId>MORCAH</mpaId>
    <link-mpaId>0</link-mpaId>
  </linkTerm>
  <linkTerm>
    <mpaId>MORCAS</mpaId>
    <link-mpaId>0</link-mpaId>
  </linkTerm>
  <linkTerm>
    <mpaId>MOREGR</mpaId>
    <link-mpaId>0</link-mpaId>
  </linkTerm>
  <linkTerm>
    <mpaId>MORETA</mpaId>
    <link-mpaId>0</link-mpaId>
  </linkTerm>
  <linkTerm>
    <mpaId>MUADBT</mpaId>
    <link-mpaId>OMG</link-mpaId>
  </linkTerm>
  <linkTerm>
    <mpaId>NADLSU</mpaId>
    <link-mpaId>NAS</link-mpaId>
  </linkTerm>
  <linkTerm>
    <mpaId>NADPSO</mpaId>
    <link-mpaId>NAS</link-mpaId>
  </linkTerm>
  <linkTerm>
    <mpaId>NADREM</mpaId>
    <link-mpaId>NAS</link-mpaId>
  </linkTerm>
  <linkTerm>
    <mpaId>NADRSO</mpaId>
    <link-mpaId>NAS</link-mpaId>
  </linkTerm>
  <linkTerm>
    <mpaId>NADRSU</mpaId>
    <link-mpaId>NAS</link-mpaId>
  </linkTerm>
  <linkTerm>
    <mpaId>NAOMSO</mpaId>
    <link-mpaId>NAS</link-mpaId>
  </linkTerm>
  <linkTerm>
    <mpaId>NAOMSO</mpaId>
    <link-mpaId>OMG</link-mpaId>
  </linkTerm>
  <linkTerm>
    <mpaId>NAORSP</mpaId>
    <link-mpaId>NAS</link-mpaId>
  </linkTerm>
  <linkTerm>
    <mpaId>NAORSP</mpaId>
    <link-mpaId>OMG</link-mpaId>
  </linkTerm>
  <linkTerm>
    <mpaId>NASCRE</mpaId>
    <link-mpaId>NAS</link-mpaId>
  </linkTerm>
  <linkTerm>
    <mpaId>NASGEL</mpaId>
    <link-mpaId>NAS</link-mpaId>
  </linkTerm>
  <linkTerm>
    <mpaId>NASOIN</mpaId>
    <link-mpaId>NAS</link-mpaId>
  </linkTerm>
  <linkTerm>
    <mpaId>NASOOR</mpaId>
    <link-mpaId>NAS</link-mpaId>
  </linkTerm>
  <linkTerm>
    <mpaId>NASOOR</mpaId>
    <link-mpaId>OMG</link-mpaId>
  </linkTerm>
  <linkTerm>
    <mpaId>NASPEM</mpaId>
    <link-mpaId>NAS</link-mpaId>
  </linkTerm>
  <linkTerm>
    <mpaId>NASPIN</mpaId>
    <link-mpaId>NAS</link-mpaId>
  </linkTerm>
  <linkTerm>
    <mpaId>NASPOW</mpaId>
    <link-mpaId>NAS</link-mpaId>
  </linkTerm>
  <linkTerm>
    <mpaId>NASPPO</mpaId>
    <link-mpaId>NAS</link-mpaId>
  </linkTerm>
  <linkTerm>
    <mpaId>NASPSO</mpaId>
    <link-mpaId>NAS</link-mpaId>
  </linkTerm>
  <linkTerm>
    <mpaId>NASPSU</mpaId>
    <link-mpaId>NAS</link-mpaId>
  </linkTerm>
  <linkTerm>
    <mpaId>NASSTI</mpaId>
    <link-mpaId>NAS</link-mpaId>
  </linkTerm>
  <linkTerm>
    <mpaId>NASWAS</mpaId>
    <link-mpaId>NAS</link-mpaId>
  </linkTerm>
  <linkTerm>
    <mpaId>NDSOSC</mpaId>
    <link-mpaId>NAS</link-mpaId>
  </linkTerm>
  <linkTerm>
    <mpaId>NEBNSO</mpaId>
    <link-mpaId>ENV</link-mpaId>
  </linkTerm>
  <linkTerm>
    <mpaId>NEBREM</mpaId>
    <link-mpaId>8</link-mpaId>
  </linkTerm>
  <linkTerm>
    <mpaId>NEBRSO</mpaId>
    <link-mpaId>8</link-mpaId>
  </linkTerm>
  <linkTerm>
    <mpaId>NEBRSU</mpaId>
    <link-mpaId>8</link-mpaId>
  </linkTerm>
  <linkTerm>
    <mpaId>OINTME</mpaId>
    <link-mpaId>CUT</link-mpaId>
  </linkTerm>
  <linkTerm>
    <mpaId>OLSPSU</mpaId>
    <link-mpaId>0</link-mpaId>
  </linkTerm>
  <linkTerm>
    <mpaId>OPHINS</mpaId>
    <link-mpaId>7</link-mpaId>
  </linkTerm>
  <linkTerm>
    <mpaId>OPHSTR</mpaId>
    <link-mpaId>7</link-mpaId>
  </linkTerm>
  <linkTerm>
    <mpaId>ORAEMU</mpaId>
    <link-mpaId>0</link-mpaId>
  </linkTerm>
  <linkTerm>
    <mpaId>ORAGEL</mpaId>
    <link-mpaId>0</link-mpaId>
  </linkTerm>
  <linkTerm>
    <mpaId>ORAGUM</mpaId>
    <link-mpaId>0</link-mpaId>
  </linkTerm>
  <linkTerm>
    <mpaId>ORALIQ</mpaId>
    <link-mpaId>0</link-mpaId>
  </linkTerm>
  <linkTerm>
    <mpaId>ORALYO</mpaId>
    <link-mpaId>0</link-mpaId>
  </linkTerm>
  <linkTerm>
    <mpaId>ORAPAS</mpaId>
    <link-mpaId>0</link-mpaId>
  </linkTerm>
  <linkTerm>
    <mpaId>ORAPOW</mpaId>
    <link-mpaId>0</link-mpaId>
  </linkTerm>
  <linkTerm>
    <mpaId>ORASOL</mpaId>
    <link-mpaId>0</link-mpaId>
  </linkTerm>
  <linkTerm>
    <mpaId>ORASUS</mpaId>
    <link-mpaId>0</link-mpaId>
  </linkTerm>
  <linkTerm>
    <mpaId>ORDITA</mpaId>
    <link-mpaId>0</link-mpaId>
  </linkTerm>
  <linkTerm>
    <mpaId>ORDREM</mpaId>
    <link-mpaId>0</link-mpaId>
  </linkTerm>
  <linkTerm>
    <mpaId>ORDRGR</mpaId>
    <link-mpaId>0</link-mpaId>
  </linkTerm>
  <linkTerm>
    <mpaId>ORDRLI</mpaId>
    <link-mpaId>0</link-mpaId>
  </linkTerm>
  <linkTerm>
    <mpaId>ORDRSO</mpaId>
    <link-mpaId>0</link-mpaId>
  </linkTerm>
  <linkTerm>
    <mpaId>ORDRSU</mpaId>
    <link-mpaId>0</link-mpaId>
  </linkTerm>
  <linkTerm>
    <mpaId>OREMSA</mpaId>
    <link-mpaId>0</link-mpaId>
  </linkTerm>
  <linkTerm>
    <mpaId>ORLASO</mpaId>
    <link-mpaId>OMG</link-mpaId>
  </linkTerm>
  <linkTerm>
    <mpaId>ORMUCA</mpaId>
    <link-mpaId>OMG</link-mpaId>
  </linkTerm>
  <linkTerm>
    <mpaId>ORMUCR</mpaId>
    <link-mpaId>OMG</link-mpaId>
  </linkTerm>
  <linkTerm>
    <mpaId>ORMUDR</mpaId>
    <link-mpaId>OMG</link-mpaId>
  </linkTerm>
  <linkTerm>
    <mpaId>ORMUGE</mpaId>
    <link-mpaId>OMG</link-mpaId>
  </linkTerm>
  <linkTerm>
    <mpaId>ORMUPA</mpaId>
    <link-mpaId>OMG</link-mpaId>
  </linkTerm>
  <linkTerm>
    <mpaId>ORMUSO</mpaId>
    <link-mpaId>OMG</link-mpaId>
  </linkTerm>
  <linkTerm>
    <mpaId>ORMUSP</mpaId>
    <link-mpaId>OMG</link-mpaId>
  </linkTerm>
  <linkTerm>
    <mpaId>ORMUSU</mpaId>
    <link-mpaId>OMG</link-mpaId>
  </linkTerm>
  <linkTerm>
    <mpaId>OROFIL</mpaId>
    <link-mpaId>0</link-mpaId>
  </linkTerm>
  <linkTerm>
    <mpaId>OROOIN</mpaId>
    <link-mpaId>OMG</link-mpaId>
  </linkTerm>
  <linkTerm>
    <mpaId>ORPOSA</mpaId>
    <link-mpaId>0</link-mpaId>
  </linkTerm>
  <linkTerm>
    <mpaId>ORPSAC</mpaId>
    <link-mpaId>0</link-mpaId>
  </linkTerm>
  <linkTerm>
    <mpaId>ORRESO</mpaId>
    <link-mpaId>0</link-mpaId>
  </linkTerm>
  <linkTerm>
    <mpaId>ORRESO</mpaId>
    <link-mpaId>REC</link-mpaId>
  </linkTerm>
  <linkTerm>
    <mpaId>ORRESU</mpaId>
    <link-mpaId>0</link-mpaId>
  </linkTerm>
  <linkTerm>
    <mpaId>ORRESU</mpaId>
    <link-mpaId>REC</link-mpaId>
  </linkTerm>
  <linkTerm>
    <mpaId>ORSOSA</mpaId>
    <link-mpaId>0</link-mpaId>
  </linkTerm>
  <linkTerm>
    <mpaId>ORSOSI</mpaId>
    <link-mpaId>0</link-mpaId>
  </linkTerm>
  <linkTerm>
    <mpaId>ORSPEM</mpaId>
    <link-mpaId>OMG</link-mpaId>
  </linkTerm>
  <linkTerm>
    <mpaId>ORSPSO</mpaId>
    <link-mpaId>OMG</link-mpaId>
  </linkTerm>
  <linkTerm>
    <mpaId>ORSPSU</mpaId>
    <link-mpaId>OMG</link-mpaId>
  </linkTerm>
  <linkTerm>
    <mpaId>ORSUDR</mpaId>
    <link-mpaId>0</link-mpaId>
  </linkTerm>
  <linkTerm>
    <mpaId>ORSUSA</mpaId>
    <link-mpaId>0</link-mpaId>
  </linkTerm>
  <linkTerm>
    <mpaId>OSUPFA</mpaId>
    <link-mpaId>0</link-mpaId>
  </linkTerm>
  <linkTerm>
    <mpaId>PASTIL</mpaId>
    <link-mpaId>OMG</link-mpaId>
  </linkTerm>
  <linkTerm>
    <mpaId>PBEHSO</mpaId>
    <link-mpaId>ENV</link-mpaId>
  </linkTerm>
  <linkTerm>
    <mpaId>PCDIIF</mpaId>
    <link-mpaId>PAR</link-mpaId>
  </linkTerm>
  <linkTerm>
    <mpaId>PCSOIF</mpaId>
    <link-mpaId>PAR</link-mpaId>
  </linkTerm>
  <linkTerm>
    <mpaId>PCSOII</mpaId>
    <link-mpaId>PAR</link-mpaId>
  </linkTerm>
  <linkTerm>
    <mpaId>PERGEL</mpaId>
    <link-mpaId>DEN</link-mpaId>
  </linkTerm>
  <linkTerm>
    <mpaId>PERPOW</mpaId>
    <link-mpaId>DEN</link-mpaId>
  </linkTerm>
  <linkTerm>
    <mpaId>PESSAR</mpaId>
    <link-mpaId>VAG</link-mpaId>
  </linkTerm>
  <linkTerm>
    <mpaId>PILLUL</mpaId>
    <link-mpaId>0</link-mpaId>
  </linkTerm>
  <linkTerm>
    <mpaId>PILLUL</mpaId>
    <link-mpaId>OMG</link-mpaId>
  </linkTerm>
  <linkTerm>
    <mpaId>PISSFI</mpaId>
    <link-mpaId>IVU</link-mpaId>
  </linkTerm>
  <linkTerm>
    <mpaId>PISSFI</mpaId>
    <link-mpaId>PAR</link-mpaId>
  </linkTerm>
  <linkTerm>
    <mpaId>PLPRTE</mpaId>
    <link-mpaId>CUT</link-mpaId>
  </linkTerm>
  <linkTerm>
    <mpaId>POBLIR</mpaId>
    <link-mpaId>IVU</link-mpaId>
  </linkTerm>
  <linkTerm>
    <mpaId>POCUSO</mpaId>
    <link-mpaId>CUT</link-mpaId>
  </linkTerm>
  <linkTerm>
    <mpaId>PODECE</mpaId>
    <link-mpaId>DEN</link-mpaId>
  </linkTerm>
  <linkTerm>
    <mpaId>PODIIF</mpaId>
    <link-mpaId>PAR</link-mpaId>
  </linkTerm>
  <linkTerm>
    <mpaId>PODIIJ</mpaId>
    <link-mpaId>PAR</link-mpaId>
  </linkTerm>
  <linkTerm>
    <mpaId>PODIIN</mpaId>
    <link-mpaId>PAR</link-mpaId>
  </linkTerm>
  <linkTerm>
    <mpaId>PODRWA</mpaId>
    <link-mpaId>0</link-mpaId>
  </linkTerm>
  <linkTerm>
    <mpaId>POFOCO</mpaId>
    <link-mpaId>IVU</link-mpaId>
  </linkTerm>
  <linkTerm>
    <mpaId>POFODE</mpaId>
    <link-mpaId>DEN</link-mpaId>
  </linkTerm>
  <linkTerm>
    <mpaId>POFOFO</mpaId>
    <link-mpaId>PAR</link-mpaId>
  </linkTerm>
  <linkTerm>
    <mpaId>POFOIN</mpaId>
    <link-mpaId>IVU</link-mpaId>
  </linkTerm>
  <linkTerm>
    <mpaId>POGEGE</mpaId>
    <link-mpaId>CUT</link-mpaId>
  </linkTerm>
  <linkTerm>
    <mpaId>POHAEM</mpaId>
    <link-mpaId>1</link-mpaId>
  </linkTerm>
  <linkTerm>
    <mpaId>POHAEM</mpaId>
    <link-mpaId>PAR</link-mpaId>
  </linkTerm>
  <linkTerm>
    <mpaId>POIMSU</mpaId>
    <link-mpaId>PAR</link-mpaId>
  </linkTerm>
  <linkTerm>
    <mpaId>PONESO</mpaId>
    <link-mpaId>8</link-mpaId>
  </linkTerm>
  <linkTerm>
    <mpaId>PONESU</mpaId>
    <link-mpaId>8</link-mpaId>
  </linkTerm>
  <linkTerm>
    <mpaId>POONEM</mpaId>
    <link-mpaId>CUT</link-mpaId>
  </linkTerm>
  <linkTerm>
    <mpaId>POONSO</mpaId>
    <link-mpaId>CUT</link-mpaId>
  </linkTerm>
  <linkTerm>
    <mpaId>POONSU</mpaId>
    <link-mpaId>CUT</link-mpaId>
  </linkTerm>
  <linkTerm>
    <mpaId>POORSO</mpaId>
    <link-mpaId>0</link-mpaId>
  </linkTerm>
  <linkTerm>
    <mpaId>POORSU</mpaId>
    <link-mpaId>0</link-mpaId>
  </linkTerm>
  <linkTerm>
    <mpaId>PORESO</mpaId>
    <link-mpaId>REC</link-mpaId>
  </linkTerm>
  <linkTerm>
    <mpaId>PORESU</mpaId>
    <link-mpaId>REC</link-mpaId>
  </linkTerm>
  <linkTerm>
    <mpaId>PORSUC</mpaId>
    <link-mpaId>0</link-mpaId>
  </linkTerm>
  <linkTerm>
    <mpaId>PORSUC</mpaId>
    <link-mpaId>REC</link-mpaId>
  </linkTerm>
  <linkTerm>
    <mpaId>PORSUS</mpaId>
    <link-mpaId>0</link-mpaId>
  </linkTerm>
  <linkTerm>
    <mpaId>PORSUS</mpaId>
    <link-mpaId>REC</link-mpaId>
  </linkTerm>
  <linkTerm>
    <mpaId>POSECG</mpaId>
    <link-mpaId>ECV</link-mpaId>
  </linkTerm>
  <linkTerm>
    <mpaId>POSION</mpaId>
    <link-mpaId>CUT</link-mpaId>
  </linkTerm>
  <linkTerm>
    <mpaId>POSMIM</mpaId>
    <link-mpaId>PAR</link-mpaId>
  </linkTerm>
  <linkTerm>
    <mpaId>POSOFI</mpaId>
    <link-mpaId>ENV</link-mpaId>
  </linkTerm>
  <linkTerm>
    <mpaId>POSOIF</mpaId>
    <link-mpaId>PAR</link-mpaId>
  </linkTerm>
  <linkTerm>
    <mpaId>POSOII</mpaId>
    <link-mpaId>PAR</link-mpaId>
  </linkTerm>
  <linkTerm>
    <mpaId>POSOIJ</mpaId>
    <link-mpaId>PAR</link-mpaId>
  </linkTerm>
  <linkTerm>
    <mpaId>POSOIN</mpaId>
    <link-mpaId>IVU</link-mpaId>
  </linkTerm>
  <linkTerm>
    <mpaId>POSONE</mpaId>
    <link-mpaId>8</link-mpaId>
  </linkTerm>
  <linkTerm>
    <mpaId>POSOSA</mpaId>
    <link-mpaId>0</link-mpaId>
  </linkTerm>
  <linkTerm>
    <mpaId>POSOSO</mpaId>
    <link-mpaId>PAR</link-mpaId>
  </linkTerm>
  <linkTerm>
    <mpaId>POSSIJ</mpaId>
    <link-mpaId>PAR</link-mpaId>
  </linkTerm>
  <linkTerm>
    <mpaId>POSUIJ</mpaId>
    <link-mpaId>PAR</link-mpaId>
  </linkTerm>
  <linkTerm>
    <mpaId>POUDWA</mpaId>
    <link-mpaId>0</link-mpaId>
  </linkTerm>
  <linkTerm>
    <mpaId>POULTI</mpaId>
    <link-mpaId>CUT</link-mpaId>
  </linkTerm>
  <linkTerm>
    <mpaId>POWSSY</mpaId>
    <link-mpaId>0</link-mpaId>
  </linkTerm>
  <linkTerm>
    <mpaId>POWSYR</mpaId>
    <link-mpaId>0</link-mpaId>
  </linkTerm>
  <linkTerm>
    <mpaId>PRGOSU</mpaId>
    <link-mpaId>0</link-mpaId>
  </linkTerm>
  <linkTerm>
    <mpaId>PRGRSA</mpaId>
    <link-mpaId>0</link-mpaId>
  </linkTerm>
  <linkTerm>
    <mpaId>PRINEM</mpaId>
    <link-mpaId>8</link-mpaId>
  </linkTerm>
  <linkTerm>
    <mpaId>PRINSO</mpaId>
    <link-mpaId>8</link-mpaId>
  </linkTerm>
  <linkTerm>
    <mpaId>PRINSU</mpaId>
    <link-mpaId>8</link-mpaId>
  </linkTerm>
  <linkTerm>
    <mpaId>PRIRUD</mpaId>
    <link-mpaId>0</link-mpaId>
  </linkTerm>
  <linkTerm>
    <mpaId>PRMEFE</mpaId>
    <link-mpaId>0</link-mpaId>
  </linkTerm>
  <linkTerm>
    <mpaId>PRRECH</mpaId>
    <link-mpaId>0</link-mpaId>
  </linkTerm>
  <linkTerm>
    <mpaId>PRRECS</mpaId>
    <link-mpaId>0</link-mpaId>
  </linkTerm>
  <linkTerm>
    <mpaId>PRREGR</mpaId>
    <link-mpaId>0</link-mpaId>
  </linkTerm>
  <linkTerm>
    <mpaId>PRRETA</mpaId>
    <link-mpaId>0</link-mpaId>
  </linkTerm>
  <linkTerm>
    <mpaId>PRRGRD</mpaId>
    <link-mpaId>0</link-mpaId>
  </linkTerm>
  <linkTerm>
    <mpaId>PRSIPS</mpaId>
    <link-mpaId>PAR</link-mpaId>
  </linkTerm>
  <linkTerm>
    <mpaId>PRSUIJ</mpaId>
    <link-mpaId>PAR</link-mpaId>
  </linkTerm>
  <linkTerm>
    <mpaId>PSCSIF</mpaId>
    <link-mpaId>PAR</link-mpaId>
  </linkTerm>
  <linkTerm>
    <mpaId>PSDECE</mpaId>
    <link-mpaId>DEN</link-mpaId>
  </linkTerm>
  <linkTerm>
    <mpaId>PSDIIJ</mpaId>
    <link-mpaId>PAR</link-mpaId>
  </linkTerm>
  <linkTerm>
    <mpaId>PSEMIJ</mpaId>
    <link-mpaId>PAR</link-mpaId>
  </linkTerm>
  <linkTerm>
    <mpaId>PSORSO</mpaId>
    <link-mpaId>0</link-mpaId>
  </linkTerm>
  <linkTerm>
    <mpaId>PSORSU</mpaId>
    <link-mpaId>0</link-mpaId>
  </linkTerm>
  <linkTerm>
    <mpaId>PSSIJC</mpaId>
    <link-mpaId>PAR</link-mpaId>
  </linkTerm>
  <linkTerm>
    <mpaId>PSSIJF</mpaId>
    <link-mpaId>PAR</link-mpaId>
  </linkTerm>
  <linkTerm>
    <mpaId>PSSIJP</mpaId>
    <link-mpaId>PAR</link-mpaId>
  </linkTerm>
  <linkTerm>
    <mpaId>PSSIPP</mpaId>
    <link-mpaId>PAR</link-mpaId>
  </linkTerm>
  <linkTerm>
    <mpaId>PSSOIF</mpaId>
    <link-mpaId>PAR</link-mpaId>
  </linkTerm>
  <linkTerm>
    <mpaId>PSSOIJ</mpaId>
    <link-mpaId>PAR</link-mpaId>
  </linkTerm>
  <linkTerm>
    <mpaId>PSSUIJ</mpaId>
    <link-mpaId>PAR</link-mpaId>
  </linkTerm>
  <linkTerm>
    <mpaId>PSSUIP</mpaId>
    <link-mpaId>PAR</link-mpaId>
  </linkTerm>
  <linkTerm>
    <mpaId>PSTBHS</mpaId>
    <link-mpaId>ENV</link-mpaId>
  </linkTerm>
  <linkTerm>
    <mpaId>PSUSUI</mpaId>
    <link-mpaId>PAR</link-mpaId>
  </linkTerm>
  <linkTerm>
    <mpaId>RECCAP</mpaId>
    <link-mpaId>REC</link-mpaId>
  </linkTerm>
  <linkTerm>
    <mpaId>RECCRE</mpaId>
    <link-mpaId>REC</link-mpaId>
  </linkTerm>
  <linkTerm>
    <mpaId>RECEMU</mpaId>
    <link-mpaId>REC</link-mpaId>
  </linkTerm>
  <linkTerm>
    <mpaId>RECFOA</mpaId>
    <link-mpaId>REC</link-mpaId>
  </linkTerm>
  <linkTerm>
    <mpaId>RECGEL</mpaId>
    <link-mpaId>REC</link-mpaId>
  </linkTerm>
  <linkTerm>
    <mpaId>RECOIN</mpaId>
    <link-mpaId>REC</link-mpaId>
  </linkTerm>
  <linkTerm>
    <mpaId>RECSOL</mpaId>
    <link-mpaId>REC</link-mpaId>
  </linkTerm>
  <linkTerm>
    <mpaId>RECSUS</mpaId>
    <link-mpaId>REC</link-mpaId>
  </linkTerm>
  <linkTerm>
    <mpaId>RECTAM</mpaId>
    <link-mpaId>REC</link-mpaId>
  </linkTerm>
  <linkTerm>
    <mpaId>SCASOL</mpaId>
    <link-mpaId>CUT</link-mpaId>
  </linkTerm>
  <linkTerm>
    <mpaId>SEGOSU</mpaId>
    <link-mpaId>0</link-mpaId>
  </linkTerm>
  <linkTerm>
    <mpaId>SHAMPO</mpaId>
    <link-mpaId>CUT</link-mpaId>
  </linkTerm>
  <linkTerm>
    <mpaId>SHDYHF</mpaId>
    <link-mpaId>1</link-mpaId>
  </linkTerm>
  <linkTerm>
    <mpaId>SHDYHF</mpaId>
    <link-mpaId>PAR</link-mpaId>
  </linkTerm>
  <linkTerm>
    <mpaId>SIJCIJ</mpaId>
    <link-mpaId>PAR</link-mpaId>
  </linkTerm>
  <linkTerm>
    <mpaId>SOBEHI</mpaId>
    <link-mpaId>ENV</link-mpaId>
  </linkTerm>
  <linkTerm>
    <mpaId>SOBFMO</mpaId>
    <link-mpaId>1</link-mpaId>
  </linkTerm>
  <linkTerm>
    <mpaId>SOBHSO</mpaId>
    <link-mpaId>ENV</link-mpaId>
  </linkTerm>
  <linkTerm>
    <mpaId>SODECE</mpaId>
    <link-mpaId>DEN</link-mpaId>
  </linkTerm>
  <linkTerm>
    <mpaId>SODRWA</mpaId>
    <link-mpaId>0</link-mpaId>
  </linkTerm>
  <linkTerm>
    <mpaId>SODWMI</mpaId>
    <link-mpaId>0</link-mpaId>
  </linkTerm>
  <linkTerm>
    <mpaId>SOFOIN</mpaId>
    <link-mpaId>0</link-mpaId>
  </linkTerm>
  <linkTerm>
    <mpaId>SOFOIN</mpaId>
    <link-mpaId>PAR</link-mpaId>
  </linkTerm>
  <linkTerm>
    <mpaId>SOHADF</mpaId>
    <link-mpaId>1</link-mpaId>
  </linkTerm>
  <linkTerm>
    <mpaId>SOHADF</mpaId>
    <link-mpaId>PAR</link-mpaId>
  </linkTerm>
  <linkTerm>
    <mpaId>SOHADI</mpaId>
    <link-mpaId>1</link-mpaId>
  </linkTerm>
  <linkTerm>
    <mpaId>SOHADI</mpaId>
    <link-mpaId>PAR</link-mpaId>
  </linkTerm>
  <linkTerm>
    <mpaId>SOHAFI</mpaId>
    <link-mpaId>1</link-mpaId>
  </linkTerm>
  <linkTerm>
    <mpaId>SOHAFI</mpaId>
    <link-mpaId>PAR</link-mpaId>
  </linkTerm>
  <linkTerm>
    <mpaId>SOIFPS</mpaId>
    <link-mpaId>PAR</link-mpaId>
  </linkTerm>
  <linkTerm>
    <mpaId>SOIJIF</mpaId>
    <link-mpaId>PAR</link-mpaId>
  </linkTerm>
  <linkTerm>
    <mpaId>SOIJPR</mpaId>
    <link-mpaId>PAR</link-mpaId>
  </linkTerm>
  <linkTerm>
    <mpaId>SOIJPS</mpaId>
    <link-mpaId>PAR</link-mpaId>
  </linkTerm>
  <linkTerm>
    <mpaId>SOINAD</mpaId>
    <link-mpaId>PAR</link-mpaId>
  </linkTerm>
  <linkTerm>
    <mpaId>SOINCA</mpaId>
    <link-mpaId>PAR</link-mpaId>
  </linkTerm>
  <linkTerm>
    <mpaId>SOINJA</mpaId>
    <link-mpaId>PAR</link-mpaId>
  </linkTerm>
  <linkTerm>
    <mpaId>SOINNE</mpaId>
    <link-mpaId>PAR</link-mpaId>
  </linkTerm>
  <linkTerm>
    <mpaId>SOINPP</mpaId>
    <link-mpaId>PAR</link-mpaId>
  </linkTerm>
  <linkTerm>
    <mpaId>SOIOPH</mpaId>
    <link-mpaId>CUT</link-mpaId>
  </linkTerm>
  <linkTerm>
    <mpaId>SOJDDC</mpaId>
    <link-mpaId>PAR</link-mpaId>
  </linkTerm>
  <linkTerm>
    <mpaId>SOJFPS</mpaId>
    <link-mpaId>PAR</link-mpaId>
  </linkTerm>
  <linkTerm>
    <mpaId>SOLCAR</mpaId>
    <link-mpaId>PAR</link-mpaId>
  </linkTerm>
  <linkTerm>
    <mpaId>SOLINF</mpaId>
    <link-mpaId>PAR</link-mpaId>
  </linkTerm>
  <linkTerm>
    <mpaId>SOLINJ</mpaId>
    <link-mpaId>PAR</link-mpaId>
  </linkTerm>
  <linkTerm>
    <mpaId>SOLPRT</mpaId>
    <link-mpaId>CUT</link-mpaId>
  </linkTerm>
  <linkTerm>
    <mpaId>SOLSUS</mpaId>
    <link-mpaId>PAR</link-mpaId>
  </linkTerm>
  <linkTerm>
    <mpaId>SOLTAB</mpaId>
    <link-mpaId>0</link-mpaId>
  </linkTerm>
  <linkTerm>
    <mpaId>SOLVFO</mpaId>
    <link-mpaId>MIS</link-mpaId>
  </linkTerm>
  <linkTerm>
    <mpaId>SOORPR</mpaId>
    <link-mpaId>1</link-mpaId>
  </linkTerm>
  <linkTerm>
    <mpaId>SOPAUS</mpaId>
    <link-mpaId>PAR</link-mpaId>
  </linkTerm>
  <linkTerm>
    <mpaId>SOPEDI</mpaId>
    <link-mpaId>9</link-mpaId>
  </linkTerm>
  <linkTerm>
    <mpaId>SOPRTE</mpaId>
    <link-mpaId>7</link-mpaId>
  </linkTerm>
  <linkTerm>
    <mpaId>SOPRTE</mpaId>
    <link-mpaId>8</link-mpaId>
  </linkTerm>
  <linkTerm>
    <mpaId>SOPRTE</mpaId>
    <link-mpaId>NAS</link-mpaId>
  </linkTerm>
  <linkTerm>
    <mpaId>SOSCTE</mpaId>
    <link-mpaId>CUT</link-mpaId>
  </linkTerm>
  <linkTerm>
    <mpaId>SOSUIJ</mpaId>
    <link-mpaId>PAR</link-mpaId>
  </linkTerm>
  <linkTerm>
    <mpaId>SPONEM</mpaId>
    <link-mpaId>CUT</link-mpaId>
  </linkTerm>
  <linkTerm>
    <mpaId>SPONSO</mpaId>
    <link-mpaId>CUT</link-mpaId>
  </linkTerm>
  <linkTerm>
    <mpaId>SPONSU</mpaId>
    <link-mpaId>CUT</link-mpaId>
  </linkTerm>
  <linkTerm>
    <mpaId>STOIRR</mpaId>
    <link-mpaId>3</link-mpaId>
  </linkTerm>
  <linkTerm>
    <mpaId>SUBFIL</mpaId>
    <link-mpaId>OMG</link-mpaId>
  </linkTerm>
  <linkTerm>
    <mpaId>SUDRWA</mpaId>
    <link-mpaId>0</link-mpaId>
  </linkTerm>
  <linkTerm>
    <mpaId>SUIJMC</mpaId>
    <link-mpaId>PAR</link-mpaId>
  </linkTerm>
  <linkTerm>
    <mpaId>SUIJPR</mpaId>
    <link-mpaId>PAR</link-mpaId>
  </linkTerm>
  <linkTerm>
    <mpaId>SUINCA</mpaId>
    <link-mpaId>PAR</link-mpaId>
  </linkTerm>
  <linkTerm>
    <mpaId>SUINPP</mpaId>
    <link-mpaId>PAR</link-mpaId>
  </linkTerm>
  <linkTerm>
    <mpaId>SUINPS</mpaId>
    <link-mpaId>PAR</link-mpaId>
  </linkTerm>
  <linkTerm>
    <mpaId>SULISP</mpaId>
    <link-mpaId>OMG</link-mpaId>
  </linkTerm>
  <linkTerm>
    <mpaId>SULITA</mpaId>
    <link-mpaId>OMG</link-mpaId>
  </linkTerm>
  <linkTerm>
    <mpaId>SUPPOS</mpaId>
    <link-mpaId>REC</link-mpaId>
  </linkTerm>
  <linkTerm>
    <mpaId>SUSINJ</mpaId>
    <link-mpaId>PAR</link-mpaId>
  </linkTerm>
  <linkTerm>
    <mpaId>SUSOIJ</mpaId>
    <link-mpaId>PAR</link-mpaId>
  </linkTerm>
  <linkTerm>
    <mpaId>SYRUP</mpaId>
    <link-mpaId>0</link-mpaId>
  </linkTerm>
  <linkTerm>
    <mpaId>TABLET</mpaId>
    <link-mpaId>0</link-mpaId>
  </linkTerm>
  <linkTerm>
    <mpaId>TABVAG</mpaId>
    <link-mpaId>0</link-mpaId>
  </linkTerm>
  <linkTerm>
    <mpaId>TABVAG</mpaId>
    <link-mpaId>VAG</link-mpaId>
  </linkTerm>
  <linkTerm>
    <mpaId>TAGRSA</mpaId>
    <link-mpaId>0</link-mpaId>
  </linkTerm>
  <linkTerm>
    <mpaId>TARESO</mpaId>
    <link-mpaId>REC</link-mpaId>
  </linkTerm>
  <linkTerm>
    <mpaId>TARESU</mpaId>
    <link-mpaId>REC</link-mpaId>
  </linkTerm>
  <linkTerm>
    <mpaId>TAVASO</mpaId>
    <link-mpaId>VAG</link-mpaId>
  </linkTerm>
  <linkTerm>
    <mpaId>TEASTI</mpaId>
    <link-mpaId>INM</link-mpaId>
  </linkTerm>
  <linkTerm>
    <mpaId>TEDIEM</mpaId>
    <link-mpaId>CUT</link-mpaId>
  </linkTerm>
  <linkTerm>
    <mpaId>TEDISO</mpaId>
    <link-mpaId>CUT</link-mpaId>
  </linkTerm>
  <linkTerm>
    <mpaId>TEDISU</mpaId>
    <link-mpaId>CUT</link-mpaId>
  </linkTerm>
  <linkTerm>
    <mpaId>TESPSO</mpaId>
    <link-mpaId>CUT</link-mpaId>
  </linkTerm>
  <linkTerm>
    <mpaId>TOOPAS</mpaId>
    <link-mpaId>DEN</link-mpaId>
  </linkTerm>
  <linkTerm>
    <mpaId>TRAGEL</mpaId>
    <link-mpaId>CUT</link-mpaId>
  </linkTerm>
  <linkTerm>
    <mpaId>TRAPAT</mpaId>
    <link-mpaId>CUT</link-mpaId>
  </linkTerm>
  <linkTerm>
    <mpaId>TRASOL</mpaId>
    <link-mpaId>CUT</link-mpaId>
  </linkTerm>
  <linkTerm>
    <mpaId>TRASYS</mpaId>
    <link-mpaId>CUT</link-mpaId>
  </linkTerm>
  <linkTerm>
    <mpaId>TRSPSO</mpaId>
    <link-mpaId>CUT</link-mpaId>
  </linkTerm>
  <linkTerm>
    <mpaId>TSORSU</mpaId>
    <link-mpaId>REC</link-mpaId>
  </linkTerm>
  <linkTerm>
    <mpaId>UREGEL</mpaId>
    <link-mpaId>IVU</link-mpaId>
  </linkTerm>
  <linkTerm>
    <mpaId>URESTI</mpaId>
    <link-mpaId>IVU</link-mpaId>
  </linkTerm>
  <linkTerm>
    <mpaId>VACASO</mpaId>
    <link-mpaId>VAG</link-mpaId>
  </linkTerm>
  <linkTerm>
    <mpaId>VAGCAH</mpaId>
    <link-mpaId>VAG</link-mpaId>
  </linkTerm>
  <linkTerm>
    <mpaId>VAGCRE</mpaId>
    <link-mpaId>VAG</link-mpaId>
  </linkTerm>
  <linkTerm>
    <mpaId>VAGDEL</mpaId>
    <link-mpaId>VAG</link-mpaId>
  </linkTerm>
  <linkTerm>
    <mpaId>VAGEMU</mpaId>
    <link-mpaId>VAG</link-mpaId>
  </linkTerm>
  <linkTerm>
    <mpaId>VAGFOA</mpaId>
    <link-mpaId>VAG</link-mpaId>
  </linkTerm>
  <linkTerm>
    <mpaId>VAGGEL</mpaId>
    <link-mpaId>VAG</link-mpaId>
  </linkTerm>
  <linkTerm>
    <mpaId>VAGOIN</mpaId>
    <link-mpaId>VAG</link-mpaId>
  </linkTerm>
  <linkTerm>
    <mpaId>VAGSOL</mpaId>
    <link-mpaId>VAG</link-mpaId>
  </linkTerm>
  <linkTerm>
    <mpaId>VAGSUS</mpaId>
    <link-mpaId>VAG</link-mpaId>
  </linkTerm>
  <linkTerm>
    <mpaId>VAGTAB</mpaId>
    <link-mpaId>VAG</link-mpaId>
  </linkTerm>
  <linkTerm>
    <mpaId>VCSVCR</mpaId>
    <link-mpaId>VAG</link-mpaId>
  </linkTerm>
  <linkTerm>
    <mpaId>VGTACR</mpaId>
    <link-mpaId>CUT</link-mpaId>
  </linkTerm>
  <linkTerm>
    <mpaId>VGTACR</mpaId>
    <link-mpaId>VAG</link-mpaId>
  </linkTerm>
  <linkTerm>
    <mpaId>VGTCRE</mpaId>
    <link-mpaId>CUT</link-mpaId>
  </linkTerm>
  <linkTerm>
    <mpaId>VGTCRE</mpaId>
    <link-mpaId>VAG</link-mpaId>
  </linkTerm>
  <linkTerm>
    <mpaId>VTAVCR</mpaId>
    <link-mpaId>VAG</link-mpaId>
  </linkTerm>
</link-commonLexicon>
