<?xml version="1.0"?>
<npl:medprod xmlns:xsi="http://www.w3.org/2001/XMLSchema-instance" xmlns:mpa="urn:schemas-npl:mpa:11" xsi:schemaLocation="urn:schemas-npl:instance:11 ../schemas/npl-schema_11.0.xsd" xmlns:npl="urn:schemas-npl:instance:11">
  <mpa:nplid>19640320000014</mpa:nplid>
  <npl:approvalnumber>
    <mpa:semano>071880</mpa:semano>
  </npl:approvalnumber>
  <npl:names>
    <mpa:medprodname v="Neurobion®" />
    <mpa:medprodnamelegal v="Neurobion" />
    <mpa:historicalmedprodname v="Neurobion" vtodate="2005-02-25" />
    <mpa:historicalmedprodnamelegal v="Neurobion" vtodate="2005-02-25" />
  </npl:names>
  <mpa:pharmaceutical-form-lx v="SOLINJ" lexicon="pharmaceutical-form-lx" />
  <npl:organizations>
    <mpa:organization>
      <mpa:organization-lx v="IDLCSFWC1SUH97GSRV" />
      <mpa:organization-role-lx v="AGENT" lexicon="organization-role-lx" />
    </mpa:organization>
    <mpa:organization>
      <mpa:organization-lx v="IDX0000001518" />
      <mpa:organization-role-lx v="MAH" lexicon="organization-role-lx" />
    </mpa:organization>
  </npl:organizations>
  <mpa:approvaldate>1964-03-20</mpa:approvaldate>
  <mpa:withdrawaldate>2020-03-16</mpa:withdrawaldate>
  <mpa:productclass-lx v="MEP" lexicon="productclass-lx" />
  <mpa:prescription-lx v="1" lexicon="prescription-lx" />
  <npl:classifications>
    <mpa:atc-code-lx v="A11DB" />
    <mpa:controlled-medicinal-product-lx v="N" lexicon="yesno-lx" />
    <mpa:narcotic-class-lx v="0" lexicon="narcotic-classification-lx" />
  </npl:classifications>
  <mpa:authorisation-procedure-lx v="1" lexicon="authorisation-procedure-lx" />
  <npl:flags>
    <mpa:salesstopped v="N" lexicon="yesno-lx" />
    <mpa:biological-medprod-pharmaceutical-legislation v="N" lexicon="yesno-lx" />
  </npl:flags>
  <npl:pharmaceutical-products>
    <npl:pharmaceutical-product id="IDE4POMKUDVRUVERT1">
      <npl:composition>
        <npl:ingredient id="IDE4QNJ513ERLZVERT" presentation-substance-name="Y">
          <mpa:ingredient-role-lx v="ACTI" lexicon="ingredient-role-lx" />
          <mpa:quantity v="33" />
          <mpa:quantity-unit-lx v="03" lexicon="quantity-unit-lx" />
          <mpa:quantity-unit-alt-lx v="EQ" lexicon="quantity-unit-alt-lx" />
          <mpa:substance-lx v="IDE4POBUU91WAVERT1" />
        </npl:ingredient>
        <npl:ingredient id="IDE4QNJ613ERMJVERT" presentation-substance-name="Y">
          <mpa:ingredient-role-lx v="ACTI" lexicon="ingredient-role-lx" />
          <mpa:quantity v="33" />
          <mpa:quantity-unit-lx v="03" lexicon="quantity-unit-lx" />
          <mpa:quantity-unit-alt-lx v="EQ" lexicon="quantity-unit-alt-lx" />
          <mpa:substance-lx v="IDE4POBWU938YVERT1" />
        </npl:ingredient>
        <npl:ingredient id="IDE4QNJ613EROSVERT" presentation-substance-name="Y">
          <mpa:ingredient-role-lx v="ACTI" lexicon="ingredient-role-lx" />
          <mpa:quantity v="0.33" />
          <mpa:quantity-unit-lx v="03" lexicon="quantity-unit-lx" />
          <mpa:quantity-unit-alt-lx v="EQ" lexicon="quantity-unit-alt-lx" />
          <mpa:substance-lx v="IDE4POBWU93FXVERT1" />
        </npl:ingredient>
      </npl:composition>
      <mpa:comp-ref-quantity-lx v="ML" lexicon="comp-ref-quantity-lx" />
    </npl:pharmaceutical-product>
  </npl:pharmaceutical-products>
  <npl:interchangeability>
    <mpa:interchange-strength-group id="764" start-date="2014-11-28" lexicon="interchange-strength-group" />
  </npl:interchangeability>
  <npl:packages>
    <npl:package>
      <mpa:nplpackid>19640320100011</mpa:nplpackid>
      <mpa:pack-text>
        <mpa:v>Ampull, 15 x 3 ml</mpa:v>
      </mpa:pack-text>
      <mpa:pack-withdrawaldate>2020-03-16</mpa:pack-withdrawaldate>
      <npl:prescription>
        <mpa:otc v="N" lexicon="yesno-lx" />
      </npl:prescription>
      <mpa:safety-features v="Y" lexicon="yesno-lx" />
      <npl:storage>
        <mpa:pack-condition-lx v="1" lexicon="pack-condition-lx" id="ID11INUZSPF1969CSR" pharmaceutical-product-id="IDE4POMKUDVRUVERT1">
          <mpa:shelf-life v="3">
            <mpa:shelf-life-unit-lx v="5" lexicon="shelf-life-unit-lx" />
            <mpa:storage-temp-lx v="4" lexicon="storage-temp-lx" />
          </mpa:shelf-life>
        </mpa:pack-condition-lx>
      </npl:storage>
    </npl:package>
    <npl:package>
      <mpa:nplpackid>19640320100028</mpa:nplpackid>
      <mpa:pack-text>
        <mpa:v>Ampull, 3 x 3 ml</mpa:v>
      </mpa:pack-text>
      <mpa:pack-withdrawaldate>2020-03-16</mpa:pack-withdrawaldate>
      <npl:prescription>
        <mpa:otc v="N" lexicon="yesno-lx" />
      </npl:prescription>
      <mpa:safety-features v="Y" lexicon="yesno-lx" />
      <npl:storage>
        <mpa:pack-condition-lx v="1" lexicon="pack-condition-lx" id="ID11INUY6PF0VNGCSR" pharmaceutical-product-id="IDE4POMKUDVRUVERT1">
          <mpa:shelf-life v="3">
            <mpa:shelf-life-unit-lx v="5" lexicon="shelf-life-unit-lx" />
            <mpa:storage-temp-lx v="4" lexicon="storage-temp-lx" />
          </mpa:shelf-life>
        </mpa:pack-condition-lx>
      </npl:storage>
    </npl:package>
  </npl:packages>
</npl:medprod>
