<?xml version="1.0"?>
<npl:medprod xmlns:xsi="http://www.w3.org/2001/XMLSchema-instance" xmlns:mpa="urn:schemas-npl:mpa:11" xsi:schemaLocation="urn:schemas-npl:instance:11 ../schemas/npl-schema_11.0.xsd" xmlns:npl="urn:schemas-npl:instance:11">
  <mpa:nplid>19690529000018</mpa:nplid>
  <npl:approvalnumber>
    <mpa:semano>083760</mpa:semano>
  </npl:approvalnumber>
  <npl:names>
    <mpa:medprodname v="Tavegyl®" />
    <mpa:medprodnamelegal v="Tavegyl" />
    <mpa:historicalmedprodname v="Tavegyl" vtodate="2005-02-25" />
    <mpa:historicalmedprodnamelegal v="Tavegyl" vtodate="2005-02-25" />
  </npl:names>
  <mpa:strength-text>
    <mpa:v>1 mg</mpa:v>
  </mpa:strength-text>
  <mpa:pharmaceutical-form-lx v="TABLET" lexicon="pharmaceutical-form-lx" />
  <npl:route-of-administrations>
    <mpa:route-of-administration-lx v="ORAL" lexicon="route-of-administration-lx" />
  </npl:route-of-administrations>
  <npl:organizations>
    <mpa:organization>
      <mpa:organization-lx v="ID1SGDFP74HQ96SSRV" />
      <mpa:organization-role-lx v="MAH" lexicon="organization-role-lx" />
    </mpa:organization>
  </npl:organizations>
  <mpa:approvaldate>1969-05-29</mpa:approvaldate>
  <mpa:productclass-lx v="MEP" lexicon="productclass-lx" />
  <mpa:prescription-lx v="1" lexicon="prescription-lx" />
  <npl:classifications>
    <mpa:atc-code-lx v="R06AA04" />
    <mpa:controlled-medicinal-product-lx v="N" lexicon="yesno-lx" />
    <mpa:narcotic-class-lx v="0" lexicon="narcotic-classification-lx" />
  </npl:classifications>
  <mpa:authorisation-procedure-lx v="1" lexicon="authorisation-procedure-lx" />
  <npl:flags>
    <mpa:salesstopped v="N" lexicon="yesno-lx" />
    <mpa:dosdisp v="Y" lexicon="yesno-lx" />
    <mpa:biological-medprod-pharmaceutical-legislation v="N" lexicon="yesno-lx" />
  </npl:flags>
  <npl:pharmaceutical-products>
    <npl:pharmaceutical-product id="IDE4POMOUDYSBVERT1">
      <npl:composition>
        <npl:ingredient id="IDE4QNU513JTEOVERT">
          <mpa:ingredient-role-lx v="MISC" lexicon="ingredient-role-lx" />
          <mpa:substance-lx v="IDE4POI8UC9O7VERT1" />
        </npl:ingredient>
        <npl:ingredient id="IDE4QNU513JTH6VERT">
          <mpa:ingredient-role-lx v="ACTI" lexicon="ingredient-role-lx" />
          <mpa:quantity v="1.34" />
          <mpa:quantity-unit-lx v="03" lexicon="quantity-unit-lx" />
          <mpa:quantity-unit-alt-lx v="EQ" lexicon="quantity-unit-alt-lx" />
          <mpa:substance-lx v="IDE4POEJUA9CHVERT1" />
        </npl:ingredient>
        <npl:ingredient id="IDE4QNU513JTI0VERT" related-to-id="IDE4QNU513JTH6VERT" presentation-substance-name="Y" substance-for-reference-strength="Y">
          <mpa:ingredient-role-lx v="ARES" lexicon="ingredient-role-lx" />
          <mpa:quantity v="1" />
          <mpa:quantity-unit-lx v="03" lexicon="quantity-unit-lx" />
          <mpa:quantity-unit-alt-lx v="EQ" lexicon="quantity-unit-alt-lx" />
          <mpa:substance-lx v="IDE4POEKUAA9AVERT1" />
        </npl:ingredient>
      </npl:composition>
      <mpa:comp-ref-quantity-lx v="FGE" lexicon="comp-ref-quantity-lx" />
    </npl:pharmaceutical-product>
  </npl:pharmaceutical-products>
  <mpa:dosdisp-life v="6" />
  <npl:packages>
    <npl:package>
      <mpa:nplpackid>19690401100027</mpa:nplpackid>
      <mpa:pack-text>
        <mpa:v>Blister, 100 tabletter</mpa:v>
      </mpa:pack-text>
      <npl:prescription>
        <mpa:otc v="N" lexicon="yesno-lx" />
      </npl:prescription>
      <mpa:safety-features v="Y" lexicon="yesno-lx" />
      <npl:prescribers>
        <mpa:prescriber-lx v="6" lexicon="prescriber-lx" />
      </npl:prescribers>
      <npl:storage>
        <mpa:pack-condition-lx v="1" lexicon="pack-condition-lx" id="IDE5E0YN1K53V1VERT" pharmaceutical-product-id="IDE4POMOUDYSBVERT1">
          <mpa:shelf-life v="3">
            <mpa:shelf-life-unit-lx v="5" lexicon="shelf-life-unit-lx" />
            <mpa:storage-temp-lx v="1" lexicon="storage-temp-lx" />
          </mpa:shelf-life>
        </mpa:pack-condition-lx>
      </npl:storage>
    </npl:package>
    <npl:package>
      <mpa:nplpackid>19690401100010</mpa:nplpackid>
      <mpa:pack-text>
        <mpa:v>Blister, 20 tabletter</mpa:v>
      </mpa:pack-text>
      <npl:prescription>
        <mpa:otc v="N" lexicon="yesno-lx" />
      </npl:prescription>
      <mpa:safety-features v="Y" lexicon="yesno-lx" />
      <npl:prescribers>
        <mpa:prescriber-lx v="6" lexicon="prescriber-lx" />
      </npl:prescribers>
      <npl:storage>
        <mpa:pack-condition-lx v="1" lexicon="pack-condition-lx" id="IDE5E0YN1K540LVERT" pharmaceutical-product-id="IDE4POMOUDYSBVERT1">
          <mpa:shelf-life v="3">
            <mpa:shelf-life-unit-lx v="5" lexicon="shelf-life-unit-lx" />
            <mpa:storage-temp-lx v="1" lexicon="storage-temp-lx" />
          </mpa:shelf-life>
        </mpa:pack-condition-lx>
      </npl:storage>
    </npl:package>
    <npl:package>
      <mpa:nplpackid>20200309100089</mpa:nplpackid>
      <mpa:pack-text>
        <mpa:v>Blister, 60 tabletter</mpa:v>
      </mpa:pack-text>
      <npl:prescription>
        <mpa:otc v="N" lexicon="yesno-lx" />
      </npl:prescription>
      <mpa:safety-features v="Y" lexicon="yesno-lx" />
      <npl:prescribers>
        <mpa:prescriber-lx v="6" lexicon="prescriber-lx" />
      </npl:prescribers>
      <npl:storage>
        <mpa:pack-condition-lx v="1" lexicon="pack-condition-lx" id="IDHTRTLMHTGVLSSRV0" pharmaceutical-product-id="IDE4POMOUDYSBVERT1">
          <mpa:shelf-life v="3">
            <mpa:shelf-life-unit-lx v="5" lexicon="shelf-life-unit-lx" />
            <mpa:storage-temp-lx v="1" lexicon="storage-temp-lx" />
          </mpa:shelf-life>
        </mpa:pack-condition-lx>
      </npl:storage>
    </npl:package>
    <npl:package>
      <mpa:nplpackid>19920701100114</mpa:nplpackid>
      <mpa:pack-text>
        <mpa:v>Blister, 98 x 1 tabletter (endos)</mpa:v>
      </mpa:pack-text>
      <npl:prescription>
        <mpa:otc v="N" lexicon="yesno-lx" />
      </npl:prescription>
      <mpa:safety-features v="Y" lexicon="yesno-lx" />
      <npl:prescribers>
        <mpa:prescriber-lx v="6" lexicon="prescriber-lx" />
      </npl:prescribers>
      <npl:storage>
        <mpa:pack-condition-lx v="1" lexicon="pack-condition-lx" id="IDE5E0YO1K546GVERT" pharmaceutical-product-id="IDE4POMOUDYSBVERT1">
          <mpa:shelf-life v="3">
            <mpa:shelf-life-unit-lx v="5" lexicon="shelf-life-unit-lx" />
            <mpa:storage-temp-lx v="1" lexicon="storage-temp-lx" />
          </mpa:shelf-life>
        </mpa:pack-condition-lx>
      </npl:storage>
    </npl:package>
    <npl:package>
      <mpa:nplpackid>19940701100037</mpa:nplpackid>
      <mpa:pack-text>
        <mpa:v>Burk, 500 tabletter (dosdispensering)</mpa:v>
      </mpa:pack-text>
      <npl:prescription>
        <mpa:otc v="N" lexicon="yesno-lx" />
      </npl:prescription>
      <mpa:safety-features v="Y" lexicon="yesno-lx" />
      <npl:prescribers>
        <mpa:prescriber-lx v="6" lexicon="prescriber-lx" />
      </npl:prescribers>
      <npl:storage>
        <mpa:pack-condition-lx v="1" lexicon="pack-condition-lx" id="IDE5E0YO1K543OVERT" pharmaceutical-product-id="IDE4POMOUDYSBVERT1">
          <mpa:shelf-life v="3">
            <mpa:shelf-life-unit-lx v="5" lexicon="shelf-life-unit-lx" />
            <mpa:storage-temp-lx v="1" lexicon="storage-temp-lx" />
          </mpa:shelf-life>
        </mpa:pack-condition-lx>
      </npl:storage>
    </npl:package>
  </npl:packages>
</npl:medprod>
