<?xml version="1.0"?>
<npl:medprod xmlns:xsi="http://www.w3.org/2001/XMLSchema-instance" xmlns:mpa="urn:schemas-npl:mpa:11" xsi:schemaLocation="urn:schemas-npl:instance:11 ../schemas/npl-schema_11.0.xsd" xmlns:npl="urn:schemas-npl:instance:11">
  <mpa:nplid>19811016000032</mpa:nplid>
  <npl:approvalnumber>
    <mpa:semano>096800</mpa:semano>
  </npl:approvalnumber>
  <npl:names>
    <mpa:medprodname v="Durbis® Retard" />
    <mpa:medprodnamelegal v="Durbis Retard" />
    <mpa:historicalmedprodname v="Durbis® retard" vtodate="2006-12-05" />
    <mpa:historicalmedprodname v="Durbis Retard" vtodate="2005-02-25" />
    <mpa:historicalmedprodnamelegal v="Durbis retard" vtodate="2006-12-05" />
    <mpa:historicalmedprodnamelegal v="Durbis Retard" vtodate="2005-02-25" />
  </npl:names>
  <mpa:strength-text>
    <mpa:v>250 mg</mpa:v>
  </mpa:strength-text>
  <mpa:pharmaceutical-form-lx v="PRRETA" lexicon="pharmaceutical-form-lx" />
  <npl:route-of-administrations>
    <mpa:route-of-administration-lx v="ORAL" lexicon="route-of-administration-lx" />
  </npl:route-of-administrations>
  <npl:organizations>
    <mpa:organization>
      <mpa:organization-lx v="IDLHOLYP8BODKXSRV0" />
      <mpa:organization-role-lx v="MAH" lexicon="organization-role-lx" />
    </mpa:organization>
  </npl:organizations>
  <mpa:approvaldate>1981-10-16</mpa:approvaldate>
  <mpa:withdrawaldate>2020-04-01</mpa:withdrawaldate>
  <mpa:productclass-lx v="MEP" lexicon="productclass-lx" />
  <mpa:prescription-lx v="1" lexicon="prescription-lx" />
  <npl:classifications>
    <mpa:atc-code-lx v="C01BA03" />
    <mpa:controlled-medicinal-product-lx v="N" lexicon="yesno-lx" />
    <mpa:narcotic-class-lx v="0" lexicon="narcotic-classification-lx" />
  </npl:classifications>
  <mpa:authorisation-procedure-lx v="1" lexicon="authorisation-procedure-lx" />
  <npl:flags>
    <mpa:salesstopped v="N" lexicon="yesno-lx" />
    <mpa:dosdisp v="Y" lexicon="yesno-lx" />
    <mpa:biological-medprod-pharmaceutical-legislation v="N" lexicon="yesno-lx" />
  </npl:flags>
  <npl:pharmaceutical-products>
    <npl:pharmaceutical-product id="IDE4PON0UE8CZVERT1">
      <npl:composition>
        <npl:ingredient id="ID1I0IXO8EL09WYSRV">
          <mpa:ingredient-role-lx v="MISC" lexicon="ingredient-role-lx" />
          <mpa:substance-lx v="IDE4POBUU91KVVERT1" />
        </npl:ingredient>
        <npl:ingredient id="ID1I0IXPZEL0RIMSRV">
          <mpa:ingredient-role-lx v="MISC" lexicon="ingredient-role-lx" />
          <mpa:substance-lx v="IDE4POBSU9068VERT1" />
        </npl:ingredient>
        <npl:ingredient id="IDE4QOBB13RWTVVERT" related-to-id="IDE4QOBB13RWWDVERT" presentation-substance-name="Y" substance-for-reference-strength="Y">
          <mpa:ingredient-role-lx v="ARES" lexicon="ingredient-role-lx" />
          <mpa:quantity v="250" />
          <mpa:quantity-unit-lx v="03" lexicon="quantity-unit-lx" />
          <mpa:quantity-unit-alt-lx v="EQ" lexicon="quantity-unit-alt-lx" />
          <mpa:substance-lx v="IDE4POCUU9TDHVERT1" />
        </npl:ingredient>
        <npl:ingredient id="IDE4QOBB13RWWDVERT">
          <mpa:ingredient-role-lx v="ACTI" lexicon="ingredient-role-lx" />
          <mpa:quantity v="322.5" />
          <mpa:quantity-unit-lx v="03" lexicon="quantity-unit-lx" />
          <mpa:quantity-unit-alt-lx v="EQ" lexicon="quantity-unit-alt-lx" />
          <mpa:substance-lx v="IDE4POEOUADUNVERT1" />
        </npl:ingredient>
        <npl:ingredient id="IDMO07HLWNLM5FCSRV">
          <mpa:ingredient-role-lx v="MISC" lexicon="ingredient-role-lx" />
          <mpa:substance-lx v="IDE4POBUU91KBVERT1" />
        </npl:ingredient>
      </npl:composition>
      <mpa:comp-ref-quantity-lx v="FGE" lexicon="comp-ref-quantity-lx" />
    </npl:pharmaceutical-product>
  </npl:pharmaceutical-products>
  <mpa:dosdisp-life v="6" />
  <npl:packages>
    <npl:package>
      <mpa:nplpackid>20090827100506</mpa:nplpackid>
      <mpa:pack-text>
        <mpa:v>Blister, 100 tabletter</mpa:v>
      </mpa:pack-text>
      <mpa:pack-withdrawaldate>2020-04-01</mpa:pack-withdrawaldate>
      <npl:prescription>
        <mpa:otc v="N" lexicon="yesno-lx" />
      </npl:prescription>
      <mpa:safety-features v="Y" lexicon="yesno-lx" />
      <npl:storage>
        <mpa:pack-condition-lx v="1" lexicon="pack-condition-lx" id="ID1I0IY4XEL80H5SRV" pharmaceutical-product-id="IDE4PON0UE8CZVERT1">
          <mpa:shelf-life v="18">
            <mpa:shelf-life-unit-lx v="4" lexicon="shelf-life-unit-lx" />
            <mpa:storage-temp-lx v="1" lexicon="storage-temp-lx" />
          </mpa:shelf-life>
        </mpa:pack-condition-lx>
      </npl:storage>
    </npl:package>
    <npl:package>
      <mpa:nplpackid>19811001100174</mpa:nplpackid>
      <mpa:pack-text>
        <mpa:v>Glasburk, 100 tabletter</mpa:v>
      </mpa:pack-text>
      <mpa:pack-withdrawaldate>2010-04-30</mpa:pack-withdrawaldate>
      <npl:prescription>
        <mpa:otc v="N" lexicon="yesno-lx" />
      </npl:prescription>
      <npl:storage>
        <mpa:pack-condition-lx v="1" lexicon="pack-condition-lx" id="IDE5E0761JSGZTVERT" pharmaceutical-product-id="IDE4PON0UE8CZVERT1">
          <mpa:shelf-life v="1">
            <mpa:shelf-life-unit-lx v="5" lexicon="shelf-life-unit-lx" />
            <mpa:storage-temp-lx v="1" lexicon="storage-temp-lx" />
          </mpa:shelf-life>
        </mpa:pack-condition-lx>
      </npl:storage>
    </npl:package>
  </npl:packages>
</npl:medprod>
