<?xml version="1.0"?>
<npl:medprod xmlns:xsi="http://www.w3.org/2001/XMLSchema-instance" xmlns:mpa="urn:schemas-npl:mpa:11" xsi:schemaLocation="urn:schemas-npl:instance:11 ../schemas/npl-schema_11.0.xsd" xmlns:npl="urn:schemas-npl:instance:11">
  <mpa:nplid>20140128000026</mpa:nplid>
  <npl:approvalnumber>
    <mpa:semano>507780</mpa:semano>
    <mpa:eumano>EU/1/15/992</mpa:eumano>
  </npl:approvalnumber>
  <npl:names>
    <mpa:medprodname v="Saxenda" />
    <mpa:medprodnamelegal v="Saxenda" />
  </npl:names>
  <mpa:strength-text>
    <mpa:v>6 mg/ml</mpa:v>
  </mpa:strength-text>
  <mpa:pharmaceutical-form-lx v="SOINPP" lexicon="pharmaceutical-form-lx" />
  <npl:route-of-administrations>
    <mpa:route-of-administration-lx v="SUCU" lexicon="route-of-administration-lx" />
  </npl:route-of-administrations>
  <npl:organizations>
    <mpa:organization>
      <mpa:organization-lx v="IDX0000000152" />
      <mpa:organization-role-lx v="AGENT" lexicon="organization-role-lx" />
    </mpa:organization>
    <mpa:organization>
      <mpa:organization-lx v="IDX0000001293" />
      <mpa:organization-role-lx v="MAH" lexicon="organization-role-lx" />
    </mpa:organization>
  </npl:organizations>
  <mpa:approvaldate>2015-03-23</mpa:approvaldate>
  <mpa:productclass-lx v="MEP" lexicon="productclass-lx" />
  <mpa:prescription-lx v="1" lexicon="prescription-lx" />
  <npl:classifications>
    <mpa:atc-code-lx v="A10BJ02" />
    <mpa:controlled-medicinal-product-lx v="N" lexicon="yesno-lx" />
    <mpa:narcotic-class-lx v="0" lexicon="narcotic-classification-lx" />
  </npl:classifications>
  <mpa:authorisation-procedure-lx v="2" lexicon="authorisation-procedure-lx" />
  <npl:flags>
    <mpa:salesstopped v="N" lexicon="yesno-lx" />
    <mpa:additional-monitoring v="Y" lexicon="yesno-lx" />
    <mpa:biological-medprod-pharmaceutical-legislation v="Y" lexicon="yesno-lx" />
  </npl:flags>
  <npl:pharmaceutical-products>
    <npl:pharmaceutical-product id="IDGZQGGQKHFBVQSRV0">
      <npl:composition>
        <npl:ingredient id="IDGZQGLWKHHLC4SRV0" presentation-substance-name="Y" substance-for-reference-strength="Y">
          <mpa:ingredient-role-lx v="ACTI" lexicon="ingredient-role-lx" />
          <mpa:quantity v="6" />
          <mpa:quantity-unit-lx v="03" lexicon="quantity-unit-lx" />
          <mpa:quantity-unit-alt-lx v="EQ" lexicon="quantity-unit-alt-lx" />
          <mpa:substance-lx v="ID6N5Z13F2NOBAMSRV" />
        </npl:ingredient>
        <npl:ingredient id="IDLU6CJBJ1GF2QSRV0">
          <mpa:ingredient-role-lx v="MISC" lexicon="ingredient-role-lx" />
          <mpa:substance-lx v="IDE4POBUU91KVVERT1" />
        </npl:ingredient>
      </npl:composition>
      <mpa:comp-ref-quantity-lx v="ML" lexicon="comp-ref-quantity-lx" />
    </npl:pharmaceutical-product>
  </npl:pharmaceutical-products>
  <npl:interchangeability>
    <mpa:interchange-strength-group id="6518" start-date="2017-06-10" lexicon="interchange-strength-group" />
  </npl:interchangeability>
  <npl:packages>
    <npl:package>
      <mpa:nplpackid>20140422100156</mpa:nplpackid>
      <mpa:pack-eumano>EU/1/15/992/001</mpa:pack-eumano>
      <mpa:pack-text>
        <mpa:v>Förfylld penna, 1 st</mpa:v>
      </mpa:pack-text>
      <npl:prescription>
        <mpa:otc v="N" lexicon="yesno-lx" />
      </npl:prescription>
      <mpa:safety-features v="Y" lexicon="yesno-lx" />
      <npl:storage>
        <mpa:pack-condition-lx v="1" lexicon="pack-condition-lx" id="IDLU6H9FJ27XVHSRV0" pharmaceutical-product-id="IDGZQGGQKHFBVQSRV0">
          <mpa:shelf-life v="30">
            <mpa:shelf-life-unit-lx v="4" lexicon="shelf-life-unit-lx" />
            <mpa:storage-temp-lx v="10" lexicon="storage-temp-lx" />
          </mpa:shelf-life>
        </mpa:pack-condition-lx>
      </npl:storage>
    </npl:package>
    <npl:package>
      <mpa:nplpackid>20140422100163</mpa:nplpackid>
      <mpa:pack-eumano>EU/1/15/992/002</mpa:pack-eumano>
      <mpa:pack-text>
        <mpa:v>Förfylld penna, 3 st</mpa:v>
      </mpa:pack-text>
      <npl:prescription>
        <mpa:otc v="N" lexicon="yesno-lx" />
      </npl:prescription>
      <mpa:safety-features v="Y" lexicon="yesno-lx" />
      <npl:storage>
        <mpa:pack-condition-lx v="1" lexicon="pack-condition-lx" id="IDLU6HEFJ2A3GRSRV0" pharmaceutical-product-id="IDGZQGGQKHFBVQSRV0">
          <mpa:shelf-life v="30">
            <mpa:shelf-life-unit-lx v="4" lexicon="shelf-life-unit-lx" />
            <mpa:storage-temp-lx v="10" lexicon="storage-temp-lx" />
          </mpa:shelf-life>
        </mpa:pack-condition-lx>
      </npl:storage>
    </npl:package>
    <npl:package>
      <mpa:nplpackid>20140422100170</mpa:nplpackid>
      <mpa:pack-eumano>EU/1/15/992/003</mpa:pack-eumano>
      <mpa:pack-text>
        <mpa:v>Förfylld penna, 5 st</mpa:v>
      </mpa:pack-text>
      <npl:prescription>
        <mpa:otc v="N" lexicon="yesno-lx" />
      </npl:prescription>
      <mpa:safety-features v="Y" lexicon="yesno-lx" />
      <npl:storage>
        <mpa:pack-condition-lx v="1" lexicon="pack-condition-lx" id="IDLU6HEAJ29ZAUSRV0" pharmaceutical-product-id="IDGZQGGQKHFBVQSRV0">
          <mpa:shelf-life v="30">
            <mpa:shelf-life-unit-lx v="4" lexicon="shelf-life-unit-lx" />
            <mpa:storage-temp-lx v="10" lexicon="storage-temp-lx" />
          </mpa:shelf-life>
        </mpa:pack-condition-lx>
      </npl:storage>
    </npl:package>
    <npl:package>
      <mpa:nplpackid>20171027100036</mpa:nplpackid>
      <mpa:pack-eumano>EU/1/15/992/003</mpa:pack-eumano>
      <mpa:pack-text>
        <mpa:v>Förfylld penna, 5 st (PD: Abacus Medicine A/S)</mpa:v>
      </mpa:pack-text>
      <npl:para-dist-organization>
        <mpa:organization-lx v="ID68JRHOG0O4H3SRV0" />
      </npl:para-dist-organization>
      <npl:prescription>
        <mpa:otc v="N" lexicon="yesno-lx" />
      </npl:prescription>
      <mpa:safety-features v="Y" lexicon="yesno-lx" />
      <npl:storage>
        <mpa:pack-condition-lx v="1" lexicon="pack-condition-lx" id="IDURSGH01E7OUULSRV" pharmaceutical-product-id="IDGZQGGQKHFBVQSRV0">
          <mpa:shelf-life v="30">
            <mpa:shelf-life-unit-lx v="4" lexicon="shelf-life-unit-lx" />
            <mpa:storage-temp-lx v="10" lexicon="storage-temp-lx" />
          </mpa:shelf-life>
        </mpa:pack-condition-lx>
      </npl:storage>
    </npl:package>
    <npl:package>
      <mpa:nplpackid>20200309100072</mpa:nplpackid>
      <mpa:pack-eumano>EU/1/15/992/003</mpa:pack-eumano>
      <mpa:pack-text>
        <mpa:v>Förfylld penna, 5 st (PD: Medartuum AB)</mpa:v>
      </mpa:pack-text>
      <npl:para-dist-organization>
        <mpa:organization-lx v="IDX0000000464" />
      </npl:para-dist-organization>
      <npl:prescription>
        <mpa:otc v="N" lexicon="yesno-lx" />
      </npl:prescription>
      <mpa:safety-features v="Y" lexicon="yesno-lx" />
      <npl:storage>
        <mpa:pack-condition-lx v="1" lexicon="pack-condition-lx" id="IDHTRRG8HSH5M7SRV0" pharmaceutical-product-id="IDGZQGGQKHFBVQSRV0">
          <mpa:shelf-life v="30">
            <mpa:shelf-life-unit-lx v="4" lexicon="shelf-life-unit-lx" />
            <mpa:storage-temp-lx v="10" lexicon="storage-temp-lx" />
          </mpa:shelf-life>
        </mpa:pack-condition-lx>
      </npl:storage>
    </npl:package>
    <npl:package>
      <mpa:nplpackid>20170602100058</mpa:nplpackid>
      <mpa:pack-eumano>EU/1/15/992/003</mpa:pack-eumano>
      <mpa:pack-text>
        <mpa:v>Förfylld penna, 5 st (PD: Paranova Läkemedel AB)</mpa:v>
      </mpa:pack-text>
      <npl:para-dist-organization>
        <mpa:organization-lx v="IDX0000000618" />
      </npl:para-dist-organization>
      <npl:prescription>
        <mpa:otc v="N" lexicon="yesno-lx" />
      </npl:prescription>
      <mpa:safety-features v="Y" lexicon="yesno-lx" />
      <npl:storage>
        <mpa:pack-condition-lx v="1" lexicon="pack-condition-lx" id="IDNQQYJQU3EY38SRV0" pharmaceutical-product-id="IDGZQGGQKHFBVQSRV0">
          <mpa:shelf-life v="30">
            <mpa:shelf-life-unit-lx v="4" lexicon="shelf-life-unit-lx" />
            <mpa:storage-temp-lx v="10" lexicon="storage-temp-lx" />
          </mpa:shelf-life>
        </mpa:pack-condition-lx>
      </npl:storage>
    </npl:package>
  </npl:packages>
</npl:medprod>
