<?xml version="1.0"?>
<npl:medprod xmlns:xsi="http://www.w3.org/2001/XMLSchema-instance" xmlns:mpa="urn:schemas-npl:mpa:11" xsi:schemaLocation="urn:schemas-npl:instance:11 ../schemas/npl-schema_11.0.xsd" xmlns:npl="urn:schemas-npl:instance:11">
  <mpa:nplid>20160422000126</mpa:nplid>
  <npl:approvalnumber>
    <mpa:semano>547480</mpa:semano>
  </npl:approvalnumber>
  <npl:names>
    <mpa:medprodname v="Sinemet" />
    <mpa:medprodnamelegal v="Sinemet" />
  </npl:names>
  <mpa:strength-text>
    <mpa:v>25 mg/100 mg</mpa:v>
  </mpa:strength-text>
  <mpa:pharmaceutical-form-lx v="TABLET" lexicon="pharmaceutical-form-lx" />
  <npl:route-of-administrations>
    <mpa:route-of-administration-lx v="ORAL" lexicon="route-of-administration-lx" />
  </npl:route-of-administrations>
  <npl:organizations>
    <mpa:organization>
      <mpa:organization-lx v="IDX0000000618" />
      <mpa:organization-role-lx v="MAH" lexicon="organization-role-lx" />
    </mpa:organization>
  </npl:organizations>
  <npl:parallel-import>
    <mpa:parimporiginalid>19881028000122</mpa:parimporiginalid>
    <mpa:exported-from-lx v="PRT" lexicon="country-lx" />
    <mpa:parallel-import-deviation v="Inga avvikelser." />
  </npl:parallel-import>
  <mpa:approvaldate>2017-01-11</mpa:approvaldate>
  <mpa:productclass-lx v="MEP" lexicon="productclass-lx" />
  <mpa:prescription-lx v="1" lexicon="prescription-lx" />
  <npl:classifications>
    <mpa:atc-code-lx v="N04BA02" />
    <mpa:controlled-medicinal-product-lx v="N" lexicon="yesno-lx" />
    <mpa:narcotic-class-lx v="0" lexicon="narcotic-classification-lx" />
  </npl:classifications>
  <mpa:authorisation-procedure-lx v="1" lexicon="authorisation-procedure-lx" />
  <npl:flags>
    <mpa:salesstopped v="N" lexicon="yesno-lx" />
    <mpa:biological-medprod-pharmaceutical-legislation v="N" lexicon="yesno-lx" />
  </npl:flags>
  <npl:pharmaceutical-products>
    <npl:pharmaceutical-product id="ID1WKSA5NJ2CF6MSRV">
      <npl:composition>
        <npl:ingredient id="ID1WKSA5NJ2CFC9SRV" presentation-substance-name="Y" substance-for-reference-strength="Y">
          <mpa:ingredient-role-lx v="ACTI" lexicon="ingredient-role-lx" />
          <mpa:quantity v="100" />
          <mpa:quantity-unit-lx v="03" lexicon="quantity-unit-lx" />
          <mpa:quantity-unit-alt-lx v="EQ" lexicon="quantity-unit-alt-lx" />
          <mpa:substance-lx v="IDE4POBVU927OVERT1" />
        </npl:ingredient>
        <npl:ingredient id="ID1WKSA5NJ2CFFASRV">
          <mpa:ingredient-role-lx v="ACTI" lexicon="ingredient-role-lx" />
          <mpa:quantity v="27" />
          <mpa:quantity-unit-lx v="03" lexicon="quantity-unit-lx" />
          <mpa:quantity-unit-alt-lx v="EQ" lexicon="quantity-unit-alt-lx" />
          <mpa:substance-lx v="IDE4POETUAHL0VERT1" />
        </npl:ingredient>
        <npl:ingredient id="ID1WKSA5NJ2CFIRSRV" related-to-id="ID1WKSA5NJ2CFFASRV" presentation-substance-name="Y" substance-for-reference-strength="Y">
          <mpa:ingredient-role-lx v="ARES" lexicon="ingredient-role-lx" />
          <mpa:quantity v="25" />
          <mpa:quantity-unit-lx v="03" lexicon="quantity-unit-lx" />
          <mpa:quantity-unit-alt-lx v="EQ" lexicon="quantity-unit-alt-lx" />
          <mpa:substance-lx v="ID1GL1YDP1PF1CCXCS" />
        </npl:ingredient>
      </npl:composition>
      <mpa:comp-ref-quantity-lx v="FGE" lexicon="comp-ref-quantity-lx" />
    </npl:pharmaceutical-product>
  </npl:pharmaceutical-products>
  <npl:interchangeability>
    <mpa:interchange-strength-group id="484" start-date="2017-03-31" lexicon="interchange-strength-group" />
  </npl:interchangeability>
  <npl:packages>
    <npl:package>
      <mpa:nplpackid>20161117100015</mpa:nplpackid>
      <mpa:pack-text>
        <mpa:v>Blister, 100 tabletter</mpa:v>
      </mpa:pack-text>
      <npl:prescription>
        <mpa:otc v="N" lexicon="yesno-lx" />
      </npl:prescription>
      <mpa:safety-features v="Y" lexicon="yesno-lx" />
      <npl:storage>
        <mpa:pack-condition-lx v="1" lexicon="pack-condition-lx" id="ID8XVOFB9076JQSRV0" pharmaceutical-product-id="ID1WKSA5NJ2CF6MSRV">
          <mpa:shelf-life v="2">
            <mpa:shelf-life-unit-lx v="5" lexicon="shelf-life-unit-lx" />
            <mpa:storage-temp-lx v="1" lexicon="storage-temp-lx" />
          </mpa:shelf-life>
        </mpa:pack-condition-lx>
      </npl:storage>
    </npl:package>
  </npl:packages>
</npl:medprod>
