<?xml version="1.0"?>
<npl:medprod xmlns:xsi="http://www.w3.org/2001/XMLSchema-instance" xmlns:mpa="urn:schemas-npl:mpa:11" xsi:schemaLocation="urn:schemas-npl:instance:11 ../schemas/npl-schema_11.0.xsd" xmlns:npl="urn:schemas-npl:instance:11">
  <mpa:nplid>20171229000011</mpa:nplid>
  <npl:approvalnumber>
    <mpa:semano>574050</mpa:semano>
  </npl:approvalnumber>
  <npl:names>
    <mpa:medprodname v="Bortezomib Waverley" />
    <mpa:medprodnamelegal v="Bortezomib Waverley" />
  </npl:names>
  <mpa:strength-text>
    <mpa:v>1 mg</mpa:v>
  </mpa:strength-text>
  <mpa:pharmaceutical-form-lx v="POSOIJ" lexicon="pharmaceutical-form-lx" />
  <npl:organizations>
    <mpa:organization>
      <mpa:organization-lx v="IDHTQZ1VHL1K90SRV0" />
      <mpa:organization-role-lx v="AGENT" lexicon="organization-role-lx" />
    </mpa:organization>
    <mpa:organization>
      <mpa:organization-lx v="IDY3HUY5TW930OSRV0" />
      <mpa:organization-role-lx v="MAH" lexicon="organization-role-lx" />
    </mpa:organization>
  </npl:organizations>
  <mpa:approvaldate>2020-03-03</mpa:approvaldate>
  <mpa:productclass-lx v="MEP" lexicon="productclass-lx" />
  <mpa:prescription-lx v="1" lexicon="prescription-lx" />
  <npl:classifications>
    <mpa:atc-code-lx v="L01XX32" />
    <mpa:controlled-medicinal-product-lx v="N" lexicon="yesno-lx" />
    <mpa:narcotic-class-lx v="0" lexicon="narcotic-classification-lx" />
  </npl:classifications>
  <mpa:authorisation-procedure-lx v="4" lexicon="authorisation-procedure-lx" />
  <npl:flags>
    <mpa:salesstopped v="N" lexicon="yesno-lx" />
    <mpa:biological-medprod-pharmaceutical-legislation v="N" lexicon="yesno-lx" />
  </npl:flags>
  <npl:pharmaceutical-products>
    <npl:pharmaceutical-product id="ID1V83ONHJ0DA0ESRV">
      <npl:composition>
        <npl:ingredient id="ID1V83ONIJ0DA5LSRV">
          <mpa:ingredient-role-lx v="MISC" lexicon="ingredient-role-lx" />
          <mpa:substance-lx v="IDE4POBXU93N5VERT1" />
        </npl:ingredient>
        <npl:ingredient id="ID1V83ONIJ0DAB8SRV" presentation-substance-name="Y" substance-for-reference-strength="Y">
          <mpa:ingredient-role-lx v="ACTI" lexicon="ingredient-role-lx" />
          <mpa:quantity v="1" />
          <mpa:quantity-unit-lx v="03" lexicon="quantity-unit-lx" />
          <mpa:quantity-unit-alt-lx v="EQ" lexicon="quantity-unit-alt-lx" />
          <mpa:substance-lx v="ID1F71GJ813XZHI3CS" />
        </npl:ingredient>
      </npl:composition>
      <mpa:comp-ref-quantity-lx v="FGE" lexicon="comp-ref-quantity-lx" />
    </npl:pharmaceutical-product>
  </npl:pharmaceutical-products>
  <npl:packages>
    <npl:package>
      <mpa:nplpackid>20190411100278</mpa:nplpackid>
      <mpa:pack-text>
        <mpa:v>Injektionsflaska, 1 st (1 mg)</mpa:v>
      </mpa:pack-text>
      <npl:prescription>
        <mpa:otc v="N" lexicon="yesno-lx" />
      </npl:prescription>
      <mpa:safety-features v="Y" lexicon="yesno-lx" />
      <npl:storage>
        <mpa:pack-condition-lx v="1" lexicon="pack-condition-lx" id="ID1V83OQMJ0EU8ISRV" pharmaceutical-product-id="ID1V83ONHJ0DA0ESRV">
          <mpa:shelf-life v="2">
            <mpa:shelf-life-unit-lx v="5" lexicon="shelf-life-unit-lx" />
            <mpa:storage-temp-lx v="1" lexicon="storage-temp-lx" />
          </mpa:shelf-life>
        </mpa:pack-condition-lx>
      </npl:storage>
    </npl:package>
  </npl:packages>
</npl:medprod>
