<?xml version="1.0"?>
<npl:medprod xmlns:xsi="http://www.w3.org/2001/XMLSchema-instance" xmlns:mpa="urn:schemas-npl:mpa:11" xsi:schemaLocation="urn:schemas-npl:instance:11 ../schemas/npl-schema_11.0.xsd" xmlns:npl="urn:schemas-npl:instance:11">
  <mpa:nplid>20180329000135</mpa:nplid>
  <npl:approvalnumber>
    <mpa:semano>577270</mpa:semano>
  </npl:approvalnumber>
  <npl:names>
    <mpa:medprodname v="Melphalan Macure" />
    <mpa:medprodnamelegal v="Melphalan Macure" />
    <mpa:historicalmedprodname v="Melphalan Pharmexon" vtodate="2020-03-08" />
    <mpa:historicalmedprodnamelegal v="Melphalan Pharmexon" vtodate="2020-03-08" />
  </npl:names>
  <mpa:strength-text>
    <mpa:v>50 mg</mpa:v>
  </mpa:strength-text>
  <mpa:pharmaceutical-form-lx v="PSSIJF" lexicon="pharmaceutical-form-lx" />
  <npl:organizations>
    <mpa:organization>
      <mpa:organization-lx v="IDIMNMG0N5IHSQSRV0" />
      <mpa:organization-role-lx v="MAH" lexicon="organization-role-lx" />
    </mpa:organization>
  </npl:organizations>
  <mpa:approvaldate>2019-04-11</mpa:approvaldate>
  <mpa:productclass-lx v="MEP" lexicon="productclass-lx" />
  <mpa:prescription-lx v="1" lexicon="prescription-lx" />
  <npl:classifications>
    <mpa:atc-code-lx v="L01AA03" />
    <mpa:controlled-medicinal-product-lx v="N" lexicon="yesno-lx" />
    <mpa:narcotic-class-lx v="0" lexicon="narcotic-classification-lx" />
  </npl:classifications>
  <mpa:authorisation-procedure-lx v="4" lexicon="authorisation-procedure-lx" />
  <npl:flags>
    <mpa:salesstopped v="N" lexicon="yesno-lx" />
    <mpa:biological-medprod-pharmaceutical-legislation v="N" lexicon="yesno-lx" />
  </npl:flags>
  <npl:pharmaceutical-products>
    <npl:pharmaceutical-product id="ID17RUAZ3H40PNPSRV">
      <mpa:description>
        <mpa:v>Pulver</mpa:v>
      </mpa:description>
      <npl:composition>
        <npl:ingredient id="ID17RUEBMH45EP1SRV" related-to-id="ID17RUEDGH45YC8SRV" presentation-substance-name="Y" substance-for-reference-strength="Y">
          <mpa:ingredient-role-lx v="ARES" lexicon="ingredient-role-lx" />
          <mpa:quantity v="50" />
          <mpa:quantity-unit-lx v="03" lexicon="quantity-unit-lx" />
          <mpa:quantity-unit-alt-lx v="EQ" lexicon="quantity-unit-alt-lx" />
          <mpa:substance-lx v="IDE4POC7U9BW8VERT1" />
        </npl:ingredient>
        <npl:ingredient id="ID17RUEDGH45YC8SRV">
          <mpa:ingredient-role-lx v="ACTI" lexicon="ingredient-role-lx" />
          <mpa:quantity v="55.973" />
          <mpa:quantity-unit-lx v="03" lexicon="quantity-unit-lx" />
          <mpa:quantity-unit-alt-lx v="EQ" lexicon="quantity-unit-alt-lx" />
          <mpa:substance-lx v="ID1GP7ZKT8CKSBSCSR" />
        </npl:ingredient>
      </npl:composition>
      <mpa:comp-ref-quantity-lx v="FGE" lexicon="comp-ref-quantity-lx" />
    </npl:pharmaceutical-product>
    <npl:pharmaceutical-product id="ID1B5WCVYECY1H0SRV">
      <mpa:description>
        <mpa:v>Vätska</mpa:v>
      </mpa:description>
      <npl:composition>
        <npl:ingredient id="ID1B5WD8CED3AU9SRV">
          <mpa:ingredient-role-lx v="MISC" lexicon="ingredient-role-lx" />
          <mpa:substance-lx v="IDE4POBUU91KVVERT1" />
        </npl:ingredient>
        <npl:ingredient id="IDD408LSRVPZYM6CSR">
          <mpa:ingredient-role-lx v="MISC" lexicon="ingredient-role-lx" />
          <mpa:substance-lx v="IDE4POBWU92Y4VERT1" />
        </npl:ingredient>
      </npl:composition>
      <mpa:comp-ref-quantity-lx v="FGE" lexicon="comp-ref-quantity-lx" />
    </npl:pharmaceutical-product>
  </npl:pharmaceutical-products>
  <npl:interchangeability>
    <mpa:interchange-strength-group id="1326" start-date="2019-06-28" lexicon="interchange-strength-group" />
  </npl:interchangeability>
  <npl:packages>
    <npl:package>
      <mpa:nplpackid>20180608100280</mpa:nplpackid>
      <mpa:pack-text>
        <mpa:v>Injektionsflaskor, 50 mg och 10 ml</mpa:v>
      </mpa:pack-text>
      <npl:prescription>
        <mpa:otc v="N" lexicon="yesno-lx" />
      </npl:prescription>
      <mpa:safety-features v="Y" lexicon="yesno-lx" />
      <npl:storage>
        <mpa:pack-condition-lx v="1" lexicon="pack-condition-lx" id="ID1B5WIHKEE3KJ3SRV" pharmaceutical-product-id="ID17RUAZ3H40PNPSRV">
          <mpa:shelf-life v="2">
            <mpa:shelf-life-unit-lx v="5" lexicon="shelf-life-unit-lx" />
            <mpa:storage-temp-lx v="1" lexicon="storage-temp-lx" />
          </mpa:shelf-life>
        </mpa:pack-condition-lx>
        <mpa:pack-condition-lx v="1" lexicon="pack-condition-lx" id="ID1B5WIF7EE2MB4SRV" pharmaceutical-product-id="ID1B5WCVYECY1H0SRV">
          <mpa:shelf-life v="3">
            <mpa:shelf-life-unit-lx v="5" lexicon="shelf-life-unit-lx" />
            <mpa:storage-temp-lx v="1" lexicon="storage-temp-lx" />
          </mpa:shelf-life>
        </mpa:pack-condition-lx>
      </npl:storage>
    </npl:package>
  </npl:packages>
</npl:medprod>
