<?xml version="1.0"?>
<npl:medprod xmlns:xsi="http://www.w3.org/2001/XMLSchema-instance" xmlns:mpa="urn:schemas-npl:mpa:11" xsi:schemaLocation="urn:schemas-npl:instance:11 ../schemas/npl-schema_11.0.xsd" xmlns:npl="urn:schemas-npl:instance:11">
  <mpa:nplid>20200309000013</mpa:nplid>
  <npl:names>
    <mpa:medprodname v="Urocit-K" />
    <mpa:medprodnamelegal v="Urocit-K" />
  </npl:names>
  <mpa:strength-text>
    <mpa:v>1080 mg</mpa:v>
  </mpa:strength-text>
  <mpa:pharmaceutical-form-lx v="PRRETA" lexicon="pharmaceutical-form-lx" />
  <npl:organizations>
    <mpa:organization>
      <mpa:organization-lx v="IDXV4XP09NJWT9SRV0" />
      <mpa:organization-role-lx v="MAH" lexicon="organization-role-lx" />
    </mpa:organization>
  </npl:organizations>
  <mpa:productclass-lx v="LIC" lexicon="productclass-lx" />
  <mpa:prescription-lx v="1" lexicon="prescription-lx" />
  <npl:classifications>
    <mpa:atc-code-lx v="A12BA02" />
    <mpa:controlled-medicinal-product-lx v="N" lexicon="yesno-lx" />
    <mpa:narcotic-class-lx v="0" lexicon="narcotic-classification-lx" />
  </npl:classifications>
  <npl:flags>
    <mpa:salesstopped v="N" lexicon="yesno-lx" />
    <mpa:biological-medprod-pharmaceutical-legislation v="N" lexicon="yesno-lx" />
  </npl:flags>
  <npl:pharmaceutical-products>
    <npl:pharmaceutical-product id="IDHTR6SFHN7BX7SRV0">
      <npl:composition>
        <npl:ingredient id="IDHTR6SGHN7CBISRV0" presentation-substance-name="Y">
          <mpa:ingredient-role-lx v="ACTI" lexicon="ingredient-role-lx" />
          <mpa:quantity-unit-alt-lx v="EQ" lexicon="quantity-unit-alt-lx" />
          <mpa:substance-lx v="IDE4POCJU9KLGVERT1" />
        </npl:ingredient>
      </npl:composition>
      <mpa:comp-ref-quantity-lx v="FGE" lexicon="comp-ref-quantity-lx" />
    </npl:pharmaceutical-product>
  </npl:pharmaceutical-products>
  <npl:packages>
    <npl:package>
      <mpa:nplpackid>20200309100010</mpa:nplpackid>
      <mpa:pack-text>
        <mpa:v>Licensförpackning</mpa:v>
      </mpa:pack-text>
      <npl:prescription>
        <mpa:otc v="N" lexicon="yesno-lx" />
      </npl:prescription>
    </npl:package>
  </npl:packages>
</npl:medprod>
